-- MySQL dump 10.13  Distrib 8.0.30, for Linux (x86_64)
--
-- Host: localhost    Database: noor
-- ------------------------------------------------------
-- Server version	8.0.30-0ubuntu0.20.04.2

/*!40101 SET @OLD_CHARACTER_SET_CLIENT=@@CHARACTER_SET_CLIENT */;
/*!40101 SET @OLD_CHARACTER_SET_RESULTS=@@CHARACTER_SET_RESULTS */;
/*!40101 SET @OLD_COLLATION_CONNECTION=@@COLLATION_CONNECTION */;
/*!50503 SET NAMES utf8mb4 */;
/*!40103 SET @OLD_TIME_ZONE=@@TIME_ZONE */;
/*!40103 SET TIME_ZONE='+00:00' */;
/*!40014 SET @OLD_UNIQUE_CHECKS=@@UNIQUE_CHECKS, UNIQUE_CHECKS=0 */;
/*!40014 SET @OLD_FOREIGN_KEY_CHECKS=@@FOREIGN_KEY_CHECKS, FOREIGN_KEY_CHECKS=0 */;
/*!40101 SET @OLD_SQL_MODE=@@SQL_MODE, SQL_MODE='NO_AUTO_VALUE_ON_ZERO' */;
/*!40111 SET @OLD_SQL_NOTES=@@SQL_NOTES, SQL_NOTES=0 */;

--
-- Table structure for table `account`
--

DROP TABLE IF EXISTS `account`;
/*!40101 SET @saved_cs_client     = @@character_set_client */;
/*!50503 SET character_set_client = utf8mb4 */;
CREATE TABLE `account` (
  `id` int NOT NULL AUTO_INCREMENT,
  `createdAt` datetime(6) NOT NULL DEFAULT CURRENT_TIMESTAMP(6),
  `updatedAt` datetime(6) NOT NULL DEFAULT CURRENT_TIMESTAMP(6) ON UPDATE CURRENT_TIMESTAMP(6),
  `deletedAt` datetime(6) DEFAULT NULL,
  `username` varchar(255) NOT NULL,
  `password` varchar(255) NOT NULL,
  `accountNumber` decimal(15,0) NOT NULL,
  `type` enum('PROVIDER','CUSTOMER','ADMIN','CASHIER') NOT NULL DEFAULT 'CUSTOMER',
  `lastLogin` date DEFAULT NULL,
  PRIMARY KEY (`id`),
  UNIQUE KEY `IDX_41dfcb70af895ddf9a53094515` (`username`),
  UNIQUE KEY `IDX_ee66d482ebdf84a768a7da36b0` (`accountNumber`)
) ENGINE=InnoDB AUTO_INCREMENT=91 DEFAULT CHARSET=utf8mb4 COLLATE=utf8mb4_0900_ai_ci;
/*!40101 SET character_set_client = @saved_cs_client */;

--
-- Dumping data for table `account`
--

LOCK TABLES `account` WRITE;
/*!40000 ALTER TABLE `account` DISABLE KEYS */;
INSERT INTO `account` VALUES (1,'2022-07-07 12:46:52.570996','2022-07-07 12:46:52.570996',NULL,'system','$2b$10$/7dZXNjCOnFaAHSWgJE3iuXIj.pbcEBUNvmbq3uJyMPD08/XsflG.',1035485,'ADMIN',NULL),(3,'2022-07-07 13:16:15.425712','2022-07-07 13:16:15.425712',NULL,'Ibrahimalmahy','$2b$10$GaqoUqUBTIYa5nxAnRAhnOvTVwNT8fBSOD.CNM41VjU04N4Ia1D3i',9763841,'CUSTOMER',NULL),(4,'2022-07-07 13:49:55.180552','2022-07-07 13:49:55.180552',NULL,'AsimSudo','$2b$10$TULdNcRZVAzzBp39aneaXueaCx35kHpgGmE3QXv9n0peQsja.JibS',9950075,'CUSTOMER',NULL),(5,'2022-07-07 17:24:44.360309','2022-07-07 17:24:44.360309',NULL,'Nn111111','$2b$10$wptMShJ41K9SsVe8Gnd2FOgsXdMuoIk7noH7Z10QGXHIGzb04coLu',7214917,'PROVIDER',NULL),(6,'2022-07-07 17:43:01.129688','2022-08-01 12:11:01.000000',NULL,'Ii111111','$2b$10$En582/g9x1Yr2nh3t6q5J.7OyABnWyCSt/LM1vwo0s3jRSjOiukZa',6537141,'CUSTOMER','2022-08-01'),(7,'2022-07-07 18:01:20.019856','2022-07-07 18:01:20.019856',NULL,'Kk121212','$2b$10$LcOHxn4xpeAsl4q2P9OUO.ttT/P0BcbzNoDJQh5W0FbBs3bC7k4TW',4702504,'CUSTOMER',NULL),(8,'2022-07-07 19:21:02.702854','2022-07-07 19:21:02.702854',NULL,'Mnbvcxza','$2b$10$YA35cphiq1taysG/NU4i.OqeuO9uCvxVqlc6p7XG417MwzKOYlZpS',9980219,'PROVIDER',NULL),(9,'2022-07-07 20:23:15.295715','2022-07-07 20:23:15.295715',NULL,'Fa5rest2005','$2b$10$xcH1uWmVVBxUE1ybF.Psb.iHX6EysJXfWWVmAf4eUBQkhgJQuwkwu',2080323,'CUSTOMER',NULL),(10,'2022-07-07 21:30:49.388983','2022-07-07 21:30:49.388983',NULL,'Shahd6677','$2b$10$7oqnoPK8XxSinu/IMfTTGeHTzUK6oCGx.TnckQz8E1EQoJm3QlV2W',1352891,'CUSTOMER',NULL),(11,'2022-07-07 21:35:36.520301','2022-07-07 21:35:36.520301',NULL,'Sz654321','$2b$10$RigUsEhM/ADXP7Zjq.rz2umJgKcyNvn.QiJ/NpoG7z.kXiPcy0qLC',7238100,'CUSTOMER',NULL),(12,'2022-07-08 11:28:34.208740','2022-07-08 11:28:34.208740',NULL,'Mo123456','$2b$10$Bxp1tYqc41TfQwG3whLLqOFayBchxUqz9dXLkUwOqN0yGlSMU2M8i',9272305,'CUSTOMER',NULL),(13,'2022-07-08 20:30:40.837313','2022-07-08 20:30:40.837313',NULL,'PlayStoreTest','$2b$10$r1H5XfFsXvL3S80cjgQMLerL2faBvWGpFhDZMAdltpB9bXq4JcHlW',9905981,'CUSTOMER',NULL),(14,'2022-07-08 20:33:00.720310','2022-07-31 17:21:28.000000',NULL,'PlayStoreTestProvider','$2b$10$hBE/QmYbVAYCcIFe1ic/N.bitgPpNbceFAjBQMVQbkL2l.aLxJWAW',9710934,'PROVIDER','2022-07-31'),(15,'2022-07-12 08:29:52.695038','2022-07-12 08:29:52.695038',NULL,'Sahal9599','$2b$10$YE0oFV5M68Wje/.LOvXH2OdoaF0OH4COeFpkJNCNcZ9hLMjwhQ7US',1742139,'CUSTOMER',NULL),(16,'2022-07-12 11:56:44.212205','2022-07-12 11:56:44.212205',NULL,'AlBaDeEn','$2b$10$h1OMSPajzYHSwhk5EP5AVOeRicmNPQ1GcQcu.VadnYnrVS3DQE4nq',5447913,'PROVIDER',NULL),(17,'2022-07-12 16:12:22.601892','2022-07-12 16:12:22.601892',NULL,'Edres1234','$2b$10$VUDFNTiUzDjTmTs/98AcUOLtZdA3wXzaYFkgWcvle1Q.9mAUY.dT6',9078601,'CUSTOMER',NULL),(18,'2022-07-12 19:49:48.972728','2022-07-12 19:49:48.972728',NULL,'Mn123456','$2b$10$tidmGJ.xS1D0F2wPGUu3OeWdHcnbQ.ysJAoNSREqBXk7RrGmYYjWW',3619068,'PROVIDER',NULL),(25,'2022-07-13 14:45:52.568761','2022-07-13 14:45:52.568761',NULL,'Aa123456','$2b$10$MkAojvhWHsMw19bd4zMSsurpstPxEBboLRFi7rvE9d7KPTEHeaAnm',2838108,'CUSTOMER',NULL),(27,'2022-07-13 15:51:17.462996','2022-07-13 15:51:17.462996',NULL,'Gg123456','$2b$10$MCvCcbjRWsJZRU64aFNq3uHbi0vF4VqLqIco3aVJx/r4Hwi4qxtIy',1386103,'CUSTOMER',NULL),(28,'2022-07-13 19:55:05.034119','2022-07-13 19:55:05.034119',NULL,'Mohs0000','$2b$10$rmYdumz9Rt6huO5bBuyQPe5bnMiOiZ99CGITsz8CMyQPwaoDmyDaW',8132584,'CUSTOMER',NULL),(30,'2022-07-13 20:28:09.278933','2022-07-13 20:28:09.278933',NULL,'Aohs1111','$2b$10$0zUX8FvEc2sKf986iZJlHOOr8M.fOg0wvg6nfqG/PAt0PwmytWQ5C',8125207,'PROVIDER',NULL),(31,'2022-07-14 12:58:29.563447','2022-07-14 12:58:29.563447',NULL,'Hafiz123','$2b$10$WagXy830cXu5u.pOyyESXu2vtgSoJ/XlyF0OdFXnfk6Adzkn8fM1i',6760175,'CUSTOMER',NULL),(32,'2022-07-14 14:29:05.846896','2022-07-28 11:59:42.000000',NULL,'Resy1234','$2b$10$tXZEDaJX.0ZSsk8OwBs68O/NrxZpv1Z0KZY7rk/Knq3szrAyCyK.6',5601672,'PROVIDER','2022-07-28'),(33,'2022-07-14 15:00:56.680375','2022-07-14 15:00:56.680375',NULL,'Aas12345','$2b$10$gdCC6LDAVjr/SYYko33tKehPtUnU7fkLUU73wTf9jBkPqTv6L9/tG',1048321,'CUSTOMER',NULL),(34,'2022-07-14 21:46:01.352201','2022-07-14 21:46:01.352201',NULL,'Ooho12345','$2b$10$Bd7kuS3griWWFTIk/vdxQerMygedBWpMWDDLk49tOTV5fn/vZ8EyG',4602838,'CUSTOMER',NULL),(35,'2022-07-15 12:17:24.693032','2022-07-15 12:17:24.693032',NULL,'Suadhamza','$2b$10$4j1vq9Czw0yxCdVgLi2nKuYaPg4jNkQxY7RNi/X6tHhgvDugp2fJq',5526937,'CUSTOMER',NULL),(36,'2022-07-15 14:47:41.519112','2022-07-15 14:47:41.519112',NULL,'Qwer1234','$2b$10$i3q6aywGZlEsMPucpQDdru5roU6Ow4muP0xDTHL9MkoeLzZyqBMI2',5890345,'CUSTOMER',NULL),(37,'2022-07-15 17:52:25.231590','2022-08-01 14:37:14.000000',NULL,'Nn222222','$2b$10$VkUbjTeEwxkhNjZ1Sq6Qq.lxRii8gGvQP71stJ.9ff9omW/EQOjem',8033344,'PROVIDER','2022-08-01'),(38,'2022-07-16 19:34:44.054330','2022-07-16 19:34:44.054330',NULL,'Alaaeisa','$2b$10$x7hQmdxqls.JV2iYqLRTP.Uq7ykTo3XbB0tNM0GpwRDxLFSwid2yq',5080973,'PROVIDER',NULL),(39,'2022-07-19 10:27:38.165527','2022-07-19 10:27:38.165527',NULL,'Mustafa','$2b$10$P.MEl/AEPx4a2OT6Hsbg5eTXrQXmBihMnLPq4JEuySbFnJtWXsQ1G',1150957,'CASHIER',NULL),(40,'2022-07-19 10:28:51.557497','2022-07-19 10:28:51.557497',NULL,'Mohammed','$2b$10$6dpAHJbdJEMtr0DZuC05vu/7JHjNP1l7OzUh6TMLD2kM4VLkobJ8G',1824297,'CASHIER',NULL),(41,'2022-07-19 19:45:56.519338','2022-07-19 19:45:56.519338',NULL,'Apooryaan','$2b$10$ZUsGPhsprKmyYXgyrVimA.LrInaJlMWjmiqvUOkfoqw9xrvjodo32',1823934,'CUSTOMER',NULL),(42,'2022-07-20 05:52:55.940370','2022-07-20 05:52:55.940370',NULL,'Ryaan000','$2b$10$WakRw3VyQ.dzNyytBkg8zezP.3Df/pQdfKPn7l0eTb96nYkO5mR2O',5937879,'PROVIDER',NULL),(43,'2022-07-20 05:53:14.825159','2022-07-20 05:53:14.825159',NULL,'Nn333333','$2b$10$E6kXJPB3hLQsVBU4a2o6I.p7nu.HWJxKX.HOlxERWZzRDWXIziGSm',5000386,'PROVIDER',NULL),(45,'2022-07-20 17:04:07.882989','2022-07-20 17:04:07.882989',NULL,'OmerAhmed','$2b$10$O3n1vk1a69tUL1HURf7NmeCv1Hm5S7doDx2UV1x2VoSM8P6vTvvIO',6529838,'PROVIDER',NULL),(46,'2022-07-20 17:46:49.985851','2022-07-20 17:46:49.985851',NULL,'hasim','$2b$10$uGeyFUkacKAWkPm/sFK0zenbeaTXv36VZT4KeeA5UAr5pD7VMIskq',1319005,'CASHIER',NULL),(47,'2022-07-21 12:57:57.184132','2022-07-21 12:57:57.184132',NULL,'Ss123456','$2b$10$mTb1xKdItIow7.Udf7C/f.18tabQA9v1XVQKKI.eiI/I4JfOG7UAO',6991420,'CASHIER',NULL),(48,'2022-07-21 19:30:14.991475','2022-07-21 19:30:14.991475',NULL,'Nn222202','$2b$10$/YD3pNJsd/1l5o41i3.dZejeQ911yyKV9okJAD/mRynbXjq8U5SRu',1062960,'CASHIER',NULL),(49,'2022-07-21 21:13:42.385698','2022-07-21 21:13:42.385698',NULL,'Nn222203','$2b$10$XRJ4f4z477BELkPXgIM3M.02y8Y5XCsJ4GN2z8HSYSLitmJWLYgqO',6342970,'CASHIER',NULL),(50,'2022-07-22 19:40:51.213049','2022-07-22 19:40:51.213049',NULL,'Nn098765','$2b$10$RTklg/EmXvvmyzdlqWG1g.y9BKI3J5pkQphspN3IBbduLW4YvZZ.K',4067269,'CUSTOMER',NULL),(51,'2022-07-22 19:48:52.759541','2022-07-22 19:48:52.759541',NULL,'Tarig1234','$2b$10$h8C7I3OKLS5qzKa14X0skewREZf7R8gNtcb3ejuOaBRdPxujrn5r.',5019209,'CUSTOMER',NULL),(52,'2022-07-22 20:36:08.003052','2022-07-26 14:57:10.000000',NULL,'Mm098765','$2b$10$2fSVDx4BW/AJXeFJVNt.qeDBS3pTyIDpMA3pZ.EQrkkZrkZ5kkFb2',7978528,'PROVIDER',NULL),(53,'2022-07-23 15:10:32.730845','2022-07-23 15:10:32.730845',NULL,'DuaaTabidy','$2b$10$9tER.XZE6zi9QBPTrCe1UOGd50PwOyma4TZST6Sit344B5Pj69Pyq',4940922,'CUSTOMER',NULL),(54,'2022-07-23 15:33:20.096553','2022-07-23 15:33:20.096553',NULL,'Ii333333','$2b$10$hvBWLoDRSU6y/IOudjVTD.StnnfV7TUHDgE343Qsx/Nvs27I4uXFe',5894789,'CUSTOMER',NULL),(59,'2022-07-23 17:29:56.934116','2022-07-23 17:29:56.934116',NULL,'duaaMohammed','$2b$10$r1IQMJq9FzGUITO5E2ipoepQYcRHX3gyUEZ9TeTbpyLNv9K0CBSpy',9308508,'CUSTOMER',NULL),(60,'2022-07-24 22:19:33.621971','2022-07-24 22:19:33.621971',NULL,'Ali123456','$2b$10$wsBrxMy1O80..jm5DkQ2fOgQx2HuonXV.J/eVHek8y/vQ.DafOIUO',3208142,'CASHIER',NULL),(61,'2022-07-25 07:42:12.073102','2022-07-25 07:42:12.073102',NULL,'Kk2111111','$2b$10$TqyIEfMgFXxzKsGgV/3Mk.1o0phfuN8iTq2EfkCbOHcMmp8hByUYe',7291866,'CASHIER',NULL),(62,'2022-07-25 11:15:03.093324','2022-07-25 11:15:03.093324',NULL,'Kk211111','$2b$10$bKb9xRpYrKU29X6zsmZlheFJpjXs.Tl/vP6XDIHM4u9lBYJ43Zmv2',5803589,'CASHIER',NULL),(63,'2022-07-25 15:43:51.441559','2022-07-25 15:43:51.441559',NULL,'HishamSiddig','$2b$10$ha0JsxinX2WjkvxH3lHdLe2hIMJv5jKR5ZXsdYurHWAJT9/CsEpKS',2522861,'PROVIDER',NULL),(65,'2022-07-25 15:52:45.508314','2022-07-25 15:52:45.508314',NULL,'HishamHassan','$2b$10$J7YN7hp8GxtCVglgCUWr5OEQOwleoZbeT4VJ9I8Ue7aDAzvL8YRGi',7320385,'CUSTOMER',NULL),(66,'2022-07-26 13:29:46.557124','2022-07-26 13:29:46.557124',NULL,'Rashida2','$2b$10$Xkyst55f4mwWm/xVqTL9yuS2JnzuhdWRwD9915zrLHxxCdWJS0xLe',1320728,'CUSTOMER',NULL),(67,'2022-07-26 14:08:24.926719','2022-07-26 14:08:24.926719',NULL,'Ii1234','$2b$10$4o6CLqe/VubV66nZseI71eHH3ys1SXpPli2uOyYbu0ytYJvvSgQr2',8813788,'CASHIER',NULL),(68,'2022-07-26 14:10:51.405256','2022-07-26 14:10:51.405256',NULL,'Cashier1','$2b$10$rLPQBGeIjYiTkC6yWrXDeetdoLUUDC27gdotpvA89qGriShto35c.',4879574,'CASHIER',NULL),(69,'2022-07-26 14:19:03.702219','2022-07-26 14:19:03.702219',NULL,'Ss091234','$2b$10$sl4U/5vW/iMU76Xt0PQvJOmageNAp0TCnKuogRwqWtHMLUjqeQSQm',8769888,'CUSTOMER',NULL),(70,'2022-07-26 14:24:33.192390','2022-07-26 14:24:33.192390',NULL,'Cashier2','$2b$10$1RIQldhacClUhm6q8dQwCesNBZMs.IIdAzH2EQxL0YshrcPDZabfK',6581364,'CASHIER',NULL),(71,'2022-07-26 15:30:50.158877','2022-07-26 15:30:50.158877',NULL,'Shar1990','$2b$10$1A3jFQ0ogVEUSajCqMoUWOiBUheCS2ahoIz284jmQ5FaxCxwBalO2',8344256,'CUSTOMER',NULL),(72,'2022-07-26 15:39:56.748052','2022-07-28 10:40:54.000000',NULL,'Samah1234','$2b$10$GN7gd/WAsdJDJUnxzOTVIOBXcKRRh2Z/yTPtBdRX6lne0/SMRvJFK',7420132,'CUSTOMER','2022-07-28'),(73,'2022-07-26 18:51:51.735935','2022-07-28 17:30:26.000000',NULL,'Amel1234','$2b$10$OoAsgtes09Py8FIhnHs3KOdCH8fDa0R6sbq3qUgNFYoKuNf8WwN3u',7058225,'PROVIDER','2022-07-28'),(74,'2022-07-26 19:10:49.716630','2022-07-26 19:10:49.716630',NULL,'Amel12345','$2b$10$FEctpTV4Wuu9DloA45/8ZOqud2hP4IneANVWvzeMrv/WR8D/EAxsa',6562702,'CUSTOMER',NULL),(75,'2022-07-26 21:45:32.588029','2022-07-26 21:45:32.588029',NULL,'Aldod268','$2b$10$fn0iF9bbKmQSp7xX6GsdS.7VVX9krS2xCdKKE8ekWGGDDELkurDlS',7507090,'CUSTOMER',NULL),(79,'2022-07-26 22:17:52.591131','2022-07-26 22:17:52.591131',NULL,'AsAs2000','$2b$10$oRc5YMTkFwRiBHVmJPZstu3vrFsjZHNaR6hlSXy7cIZZ68cfgAG4O',2196613,'PROVIDER',NULL),(80,'2022-07-28 09:22:52.173599','2022-07-28 09:22:52.173599',NULL,'Cashier3','$2b$10$VIZdfCtaPuLFuEKXu0ZcEO8cNRG2pZ3GAWGujiSA3sdd69fa3ZKCe',9892472,'CASHIER',NULL),(85,'2022-07-31 18:46:12.657609','2022-07-31 19:05:24.000000',NULL,'Mmk09150','$2b$10$50buK3LMx/zaPUi3xVpPGuXpdDlJZci7jWHVXaM2Z6DC7pleJr5/S',9955388,'PROVIDER','2022-07-31'),(89,'2022-08-01 12:12:51.583916','2022-08-01 12:14:06.000000',NULL,'Abdallaahmed','$2b$10$KNbtQyIloadyNJt2p6e9lusDUvjhJDMYbNlkRLDHwbUf.jB6lMVE.',2694741,'CUSTOMER','2022-08-01'),(90,'2022-08-01 14:34:33.788439','2022-08-01 14:35:27.000000',NULL,'Awadsilver','$2b$10$py4y5CJciZ8fA85Rzvjj6.U85pLPgqIiZgs1z7PMf3LJw3t5.EwZu',1793461,'CUSTOMER','2022-08-01');
/*!40000 ALTER TABLE `account` ENABLE KEYS */;
UNLOCK TABLES;

--
-- Table structure for table `affiliate`
--

DROP TABLE IF EXISTS `affiliate`;
/*!40101 SET @saved_cs_client     = @@character_set_client */;
/*!50503 SET character_set_client = utf8mb4 */;
CREATE TABLE `affiliate` (
  `id` int NOT NULL AUTO_INCREMENT,
  `createdAt` datetime(6) NOT NULL DEFAULT CURRENT_TIMESTAMP(6),
  `updatedAt` datetime(6) NOT NULL DEFAULT CURRENT_TIMESTAMP(6) ON UPDATE CURRENT_TIMESTAMP(6),
  `deletedAt` datetime(6) DEFAULT NULL,
  `name` varchar(255) NOT NULL,
  `code` varchar(255) NOT NULL,
  `status` enum('ACTIVE','INACTIVE') NOT NULL DEFAULT 'ACTIVE',
  PRIMARY KEY (`id`),
  UNIQUE KEY `IDX_39e13fbd4c4cb7e4dfecb88f0c` (`code`)
) ENGINE=InnoDB AUTO_INCREMENT=3 DEFAULT CHARSET=utf8mb4 COLLATE=utf8mb4_0900_ai_ci;
/*!40101 SET character_set_client = @saved_cs_client */;

--
-- Dumping data for table `affiliate`
--

LOCK TABLES `affiliate` WRITE;
/*!40000 ALTER TABLE `affiliate` DISABLE KEYS */;
INSERT INTO `affiliate` VALUES (1,'2022-07-19 09:30:17.824536','2022-07-19 09:30:17.824536',NULL,'مسوق1','3068','ACTIVE'),(2,'2022-07-25 11:18:22.966524','2022-07-25 11:18:22.966524',NULL,'سعيد ','7513','ACTIVE');
/*!40000 ALTER TABLE `affiliate` ENABLE KEYS */;
UNLOCK TABLES;

--
-- Table structure for table `business_category`
--

DROP TABLE IF EXISTS `business_category`;
/*!40101 SET @saved_cs_client     = @@character_set_client */;
/*!50503 SET character_set_client = utf8mb4 */;
CREATE TABLE `business_category` (
  `id` int NOT NULL AUTO_INCREMENT,
  `createdAt` datetime(6) NOT NULL DEFAULT CURRENT_TIMESTAMP(6),
  `updatedAt` datetime(6) NOT NULL DEFAULT CURRENT_TIMESTAMP(6) ON UPDATE CURRENT_TIMESTAMP(6),
  `deletedAt` datetime(6) DEFAULT NULL,
  `nameAr` varchar(255) NOT NULL,
  `nameEn` varchar(255) NOT NULL,
  PRIMARY KEY (`id`)
) ENGINE=InnoDB AUTO_INCREMENT=15 DEFAULT CHARSET=utf8mb4 COLLATE=utf8mb4_0900_ai_ci;
/*!40101 SET character_set_client = @saved_cs_client */;

--
-- Dumping data for table `business_category`
--

LOCK TABLES `business_category` WRITE;
/*!40000 ALTER TABLE `business_category` DISABLE KEYS */;
INSERT INTO `business_category` VALUES (1,'2022-07-07 15:30:01.266683','2022-07-07 15:59:03.000000',NULL,'.. ','.. '),(2,'2022-07-07 15:57:48.353270','2022-07-07 15:57:48.353270',NULL,'إدارة التسويق','Marketing Management'),(3,'2022-07-07 16:00:50.692362','2022-07-07 16:00:50.692362',NULL,'تموينات - مواد غذائية','groceries'),(4,'2022-07-07 16:01:04.654766','2022-07-07 16:02:20.000000',NULL,'خضروات - فواكة ','groceries'),(5,'2022-07-07 16:01:15.173852','2022-07-07 16:03:00.000000',NULL,'لحوم - دجاج - بيض','groceries'),(6,'2022-07-07 16:03:49.772711','2022-07-07 16:03:49.772711',NULL,'مطاعم','Restaurants'),(7,'2022-07-07 16:04:46.663189','2022-07-07 16:04:46.663189',NULL,'صيدليات','pharmacies'),(8,'2022-07-07 16:06:07.753179','2022-07-07 16:06:07.753179',NULL,'مقاهي','cafes'),(9,'2022-07-10 12:07:04.159395','2022-07-10 12:07:04.159395',NULL,'أواني منزلية - مسلتزمات البيت','home utensils'),(10,'2022-07-10 12:08:16.109759','2022-07-10 12:08:16.109759',NULL,'مغسلة ملابس','Laundry'),(11,'2022-07-10 12:09:47.937566','2022-07-10 12:09:47.937566',NULL,'مغسلة سيارات','Car wash'),(12,'2022-07-10 12:38:30.726366','2022-07-10 12:38:30.726366',NULL,'أدوات ومواد بناء','Building tools and materials'),(13,'2022-07-12 22:50:02.006597','2022-07-12 22:50:02.006597',NULL,'أسماك بحرية','Fish'),(14,'2022-07-30 10:13:07.584789','2022-07-30 10:13:07.584789',NULL,'فلاتر مياة ','water filter');
/*!40000 ALTER TABLE `business_category` ENABLE KEYS */;
UNLOCK TABLES;

--
-- Table structure for table `cashier`
--

DROP TABLE IF EXISTS `cashier`;
/*!40101 SET @saved_cs_client     = @@character_set_client */;
/*!50503 SET character_set_client = utf8mb4 */;
CREATE TABLE `cashier` (
  `id` int NOT NULL AUTO_INCREMENT,
  `createdAt` datetime(6) NOT NULL DEFAULT CURRENT_TIMESTAMP(6),
  `updatedAt` datetime(6) NOT NULL DEFAULT CURRENT_TIMESTAMP(6) ON UPDATE CURRENT_TIMESTAMP(6),
  `deletedAt` datetime(6) DEFAULT NULL,
  `name` varchar(255) NOT NULL,
  `phoneNumber` varchar(255) NOT NULL,
  `accountId` int NOT NULL,
  `providerId` int NOT NULL,
  `status` enum('ACTIVE','DISABLED','INACTIVE') NOT NULL DEFAULT 'ACTIVE',
  PRIMARY KEY (`id`),
  KEY `FK_04db64d9c68cffc22641652425a` (`providerId`),
  CONSTRAINT `FK_04db64d9c68cffc22641652425a` FOREIGN KEY (`providerId`) REFERENCES `provider` (`id`)
) ENGINE=InnoDB AUTO_INCREMENT=14 DEFAULT CHARSET=utf8mb4 COLLATE=utf8mb4_0900_ai_ci;
/*!40101 SET character_set_client = @saved_cs_client */;

--
-- Dumping data for table `cashier`
--

LOCK TABLES `cashier` WRITE;
/*!40000 ALTER TABLE `cashier` DISABLE KEYS */;
INSERT INTO `cashier` VALUES (1,'2022-07-19 10:27:38.181845','2022-07-19 10:27:38.181845',NULL,'مصطفى قرع','+249111268820',39,3,'ACTIVE'),(2,'2022-07-19 10:28:51.573709','2022-07-19 10:28:51.573709',NULL,'عمر أحمد','+249111268870',40,3,'ACTIVE'),(3,'2022-07-20 17:46:49.992926','2022-07-20 17:46:56.000000',NULL,'هاشم عبدالله','+249964545648',46,12,'ACTIVE'),(4,'2022-07-21 12:57:57.200298','2022-07-21 12:57:57.200298',NULL,'سليمان ','+249396396399',47,8,'ACTIVE'),(5,'2022-07-21 19:30:14.999991','2022-07-31 17:25:41.000000',NULL,'محمد ','+249655554544',48,8,'ACTIVE'),(6,'2022-07-21 21:13:42.392813','2022-07-21 21:13:42.392813',NULL,'داوود ','+249212121111',49,8,'ACTIVE'),(7,'2022-07-24 22:19:33.642347','2022-07-24 22:19:33.642347',NULL,'علي ','00249963133332',60,8,'ACTIVE'),(8,'2022-07-25 07:42:12.080915','2022-07-25 07:42:12.080915',NULL,'خالد ','00249963966396',61,8,'ACTIVE'),(9,'2022-07-25 11:15:03.101641','2022-07-25 11:15:03.101641',NULL,'سعد','00249963211225',62,8,'ACTIVE'),(10,'2022-07-26 14:08:24.948143','2022-07-26 14:08:24.948143',NULL,'إسماعيل صادق ','+249999999999',67,8,'ACTIVE'),(11,'2022-07-26 14:10:51.414941','2022-07-26 14:10:51.414941',NULL,'للتجربة','+249111268820',68,3,'ACTIVE'),(12,'2022-07-26 14:24:33.202760','2022-07-26 14:24:33.202760',NULL,'للتجربة','+249111232210',70,8,'ACTIVE'),(13,'2022-07-28 09:22:52.221133','2022-07-28 09:22:52.221133',NULL,'للتجربة2','+24862164325',80,3,'ACTIVE');
/*!40000 ALTER TABLE `cashier` ENABLE KEYS */;
UNLOCK TABLES;

--
-- Table structure for table `consumption_code`
--

DROP TABLE IF EXISTS `consumption_code`;
/*!40101 SET @saved_cs_client     = @@character_set_client */;
/*!50503 SET character_set_client = utf8mb4 */;
CREATE TABLE `consumption_code` (
  `id` int NOT NULL AUTO_INCREMENT,
  `createdAt` datetime(6) NOT NULL DEFAULT CURRENT_TIMESTAMP(6),
  `updatedAt` datetime(6) NOT NULL DEFAULT CURRENT_TIMESTAMP(6) ON UPDATE CURRENT_TIMESTAMP(6),
  `deletedAt` datetime(6) DEFAULT NULL,
  `accountNumber` int NOT NULL,
  `providerId` int NOT NULL,
  `status` enum('PENDING','EXPIRED','USED') NOT NULL DEFAULT 'PENDING',
  `amount` float NOT NULL,
  `code` int NOT NULL,
  PRIMARY KEY (`id`),
  KEY `FK_32500de74eeda1fa8e3c5e6452b` (`providerId`),
  CONSTRAINT `FK_32500de74eeda1fa8e3c5e6452b` FOREIGN KEY (`providerId`) REFERENCES `provider` (`id`)
) ENGINE=InnoDB AUTO_INCREMENT=2 DEFAULT CHARSET=utf8mb4 COLLATE=utf8mb4_0900_ai_ci;
/*!40101 SET character_set_client = @saved_cs_client */;

--
-- Dumping data for table `consumption_code`
--

LOCK TABLES `consumption_code` WRITE;
/*!40000 ALTER TABLE `consumption_code` DISABLE KEYS */;
INSERT INTO `consumption_code` VALUES (1,'2022-07-20 18:07:22.909634','2022-07-20 18:08:57.000000',NULL,9950075,12,'USED',0,255975);
/*!40000 ALTER TABLE `consumption_code` ENABLE KEYS */;
UNLOCK TABLES;

--
-- Table structure for table `country`
--

DROP TABLE IF EXISTS `country`;
/*!40101 SET @saved_cs_client     = @@character_set_client */;
/*!50503 SET character_set_client = utf8mb4 */;
CREATE TABLE `country` (
  `id` int NOT NULL AUTO_INCREMENT,
  `createdAt` datetime(6) NOT NULL DEFAULT CURRENT_TIMESTAMP(6),
  `updatedAt` datetime(6) NOT NULL DEFAULT CURRENT_TIMESTAMP(6) ON UPDATE CURRENT_TIMESTAMP(6),
  `deletedAt` datetime(6) DEFAULT NULL,
  `nameAr` varchar(255) NOT NULL,
  `nameEn` varchar(255) NOT NULL,
  `code` varchar(255) NOT NULL,
  `lang` enum('en','ar') NOT NULL DEFAULT 'ar',
  PRIMARY KEY (`id`),
  UNIQUE KEY `IDX_a5365f0b750da16bfb74aca026` (`nameAr`),
  UNIQUE KEY `IDX_f43c0f26dd48c4b4d925bbeb16` (`nameEn`),
  UNIQUE KEY `IDX_8ff4c23dc9a3f3856555bd8618` (`code`)
) ENGINE=InnoDB AUTO_INCREMENT=8 DEFAULT CHARSET=utf8mb4 COLLATE=utf8mb4_0900_ai_ci;
/*!40101 SET character_set_client = @saved_cs_client */;

--
-- Dumping data for table `country`
--

LOCK TABLES `country` WRITE;
/*!40000 ALTER TABLE `country` DISABLE KEYS */;
INSERT INTO `country` VALUES (1,'2022-07-07 15:21:14.842379','2022-07-07 16:06:39.000000',NULL,'.. ','.. ','.. ','ar'),(2,'2022-07-07 15:22:33.343794','2022-07-07 16:07:04.000000',NULL,'اليمن','Yemen','YM','ar'),(3,'2022-07-07 16:07:30.490139','2022-07-07 16:07:30.490139',NULL,'السودان','Sudan','SD','ar'),(4,'2022-07-07 16:11:37.973651','2022-07-07 16:11:37.973651',NULL,'السعودية','Saudi','SA','ar'),(5,'2022-07-10 11:57:44.973494','2022-07-10 11:57:44.973494',NULL,'تركيا','Turkey','TR','ar'),(6,'2022-07-10 12:00:27.097630','2022-07-10 12:00:27.097630',NULL,'مصر','Egypt','EG','ar'),(7,'2022-07-10 12:03:39.411397','2022-07-10 12:03:39.411397',NULL,'الإمارات','	United Arab Emirates','AE','ar');
/*!40000 ALTER TABLE `country` ENABLE KEYS */;
UNLOCK TABLES;

--
-- Table structure for table `customer`
--

DROP TABLE IF EXISTS `customer`;
/*!40101 SET @saved_cs_client     = @@character_set_client */;
/*!50503 SET character_set_client = utf8mb4 */;
CREATE TABLE `customer` (
  `id` int NOT NULL AUTO_INCREMENT,
  `createdAt` datetime(6) NOT NULL DEFAULT CURRENT_TIMESTAMP(6),
  `updatedAt` datetime(6) NOT NULL DEFAULT CURRENT_TIMESTAMP(6) ON UPDATE CURRENT_TIMESTAMP(6),
  `deletedAt` datetime(6) DEFAULT NULL,
  `firstName` varchar(255) NOT NULL,
  `lastName` varchar(255) NOT NULL,
  `accountId` int NOT NULL,
  `email` varchar(255) DEFAULT NULL,
  `phoneNumber` varchar(255) DEFAULT NULL,
  `language` enum('en','ar') DEFAULT NULL,
  `phoneVerifiedAt` datetime DEFAULT NULL,
  `emailVerifiedAt` datetime DEFAULT NULL,
  `countryCode` varchar(255) NOT NULL DEFAULT 'sd',
  `status` enum('ACTIVE','INACTIVE','BANNED') NOT NULL DEFAULT 'ACTIVE',
  PRIMARY KEY (`id`),
  UNIQUE KEY `REL_c97c8c28cd65bdc7a3dcd26af5` (`accountId`),
  UNIQUE KEY `IDX_fdb2f3ad8115da4c7718109a6e` (`email`),
  UNIQUE KEY `IDX_2e64383bae8871598afb8b73f0` (`phoneNumber`),
  CONSTRAINT `FK_c97c8c28cd65bdc7a3dcd26af5c` FOREIGN KEY (`accountId`) REFERENCES `account` (`id`) ON DELETE CASCADE
) ENGINE=InnoDB AUTO_INCREMENT=45 DEFAULT CHARSET=utf8mb4 COLLATE=utf8mb4_0900_ai_ci;
/*!40101 SET character_set_client = @saved_cs_client */;

--
-- Dumping data for table `customer`
--

LOCK TABLES `customer` WRITE;
/*!40000 ALTER TABLE `customer` DISABLE KEYS */;
INSERT INTO `customer` VALUES (2,'2022-07-07 13:49:55.187215','2022-07-21 08:39:00.000000',NULL,'Asim','',4,NULL,NULL,'ar',NULL,NULL,'sd','BANNED'),(3,'2022-07-07 17:43:01.134442','2022-07-23 15:14:15.000000',NULL,'إسماعيل ١','',6,NULL,NULL,'ar',NULL,NULL,'sd','ACTIVE'),(4,'2022-07-07 18:01:20.029151','2022-07-07 18:01:20.029151',NULL,'خيال علي محمد ','',7,'sszadly1@gmail.com','+249999777252','ar',NULL,NULL,'sd','ACTIVE'),(5,'2022-07-07 20:23:15.301133','2022-07-07 20:23:15.301133',NULL,'فخرالدين الإمام عبدالله منهل','',9,'fahkrey98@gmail.com','+249900664307','ar',NULL,NULL,'sd','ACTIVE'),(6,'2022-07-07 21:30:49.393353','2022-07-07 21:30:49.393353',NULL,'شهد إسماعيل صادق الحجري ','',10,NULL,NULL,'ar',NULL,NULL,'sd','ACTIVE'),(7,'2022-07-07 21:35:36.525626','2022-07-07 21:35:36.525626',NULL,' سليمان إسماعيل صادق الحجري ','',11,NULL,NULL,'ar',NULL,NULL,'sd','ACTIVE'),(8,'2022-07-08 11:28:34.214110','2022-07-08 11:28:34.214110',NULL,'محمد إسماعيل صادق الحجري ','',12,NULL,NULL,'ar',NULL,NULL,'sd','ACTIVE'),(9,'2022-07-08 20:30:40.843158','2022-07-08 20:30:40.843158',NULL,'متجر قوقل','',13,'gp@gmail.com',NULL,'ar',NULL,NULL,'sd','ACTIVE'),(10,'2022-07-12 08:29:52.700059','2022-07-12 08:29:52.700000',NULL,'سهل عبدالله عمر الزبير','',15,'inzilagiway@gmail.com','+966504836318','ar',NULL,NULL,'sd','ACTIVE'),(11,'2022-07-12 16:12:22.605475','2022-07-12 16:12:22.605475',NULL,'ادريس طلحه عمر ادريس ','',17,NULL,'+249908290836','ar',NULL,NULL,'sd','ACTIVE'),(16,'2022-07-13 14:45:52.572287','2022-07-13 14:45:52.572287',NULL,'عمران سليمان إسماعيل صادق ','',25,NULL,'+249356888436','ar',NULL,NULL,'sd','ACTIVE'),(17,'2022-07-13 15:51:17.466156','2022-07-13 15:51:17.466156',NULL,'عمران سليمان إسماعيل ','',27,NULL,'+249466654689','ar',NULL,NULL,'sd','ACTIVE'),(18,'2022-07-13 19:55:05.040190','2022-07-13 19:55:05.040190',NULL,'محمد عبدالقادر العوض البشير ','',28,NULL,'+249912581475','ar',NULL,NULL,'sd','ACTIVE'),(19,'2022-07-14 12:58:29.567558','2022-07-14 12:58:29.567558',NULL,'حافظ محمد يونس ','',31,NULL,'+249912493613','ar',NULL,NULL,'sd','ACTIVE'),(20,'2022-07-14 15:00:56.684402','2022-07-14 15:00:56.684402',NULL,'عادل صالح احمد علي ','',33,NULL,'+249900399824','ar',NULL,NULL,'sd','ACTIVE'),(21,'2022-07-14 21:46:01.357816','2022-07-14 21:46:01.357816',NULL,'أسامه ناجي الحجري','',34,'dalaloho@gmail.com','+966533857611','ar',NULL,NULL,'sd','ACTIVE'),(22,'2022-07-15 12:17:24.696802','2022-07-15 12:17:24.696802',NULL,'سعاد حمزه عبدالله','',35,'suadhamza199528@gmail.com','+249969176863','ar',NULL,NULL,'sd','ACTIVE'),(23,'2022-07-15 14:47:41.523251','2022-07-15 14:47:41.523251',NULL,'محمد ياسين محمد احمد','',36,NULL,'+249913643262','ar',NULL,NULL,'sd','ACTIVE'),(24,'2022-07-19 19:45:56.524372','2022-07-19 19:45:56.524372',NULL,'ابو ريان','',41,'msa6600@hotmail.com',NULL,'ar',NULL,NULL,'sd','ACTIVE'),(25,'2022-07-22 19:40:51.217577','2022-07-22 19:40:51.217577',NULL,'نورالله الخاتم الشريف','',50,NULL,'+24918469699','ar',NULL,NULL,'sd','ACTIVE'),(26,'2022-07-22 19:48:52.763048','2022-07-22 19:48:52.763048',NULL,'طارق يحي الحاج محمد','',51,NULL,'+249913119009','ar',NULL,NULL,'sd','ACTIVE'),(27,'2022-07-23 15:10:32.738061','2022-07-23 15:10:32.738000',NULL,'دعاء محمد حامد أحمد','',53,NULL,'','ar',NULL,NULL,'sd','INACTIVE'),(28,'2022-07-23 15:33:20.100445','2022-07-23 15:33:20.100445',NULL,'إسماعيل ٣','',54,NULL,NULL,'ar',NULL,NULL,'sd','ACTIVE'),(32,'2022-07-23 17:29:56.941588','2022-07-23 17:29:56.941588',NULL,'دعاء محمد حامد أحمد','',59,NULL,'+249968288664','ar',NULL,NULL,'sd','ACTIVE'),(33,'2022-07-25 15:52:45.511869','2022-07-25 15:52:45.511869',NULL,'هشام صديق حماد حسن ','',65,'Hisham289@gmail.com','+249900855292','ar',NULL,NULL,'sd','ACTIVE'),(34,'2022-07-26 13:29:46.570554','2022-07-26 13:29:46.570554',NULL,'Rashida Haroon ','',66,'Rashidaha22@gmail.com','+249902864130','ar',NULL,NULL,'sd','ACTIVE'),(35,'2022-07-26 14:19:03.712811','2022-07-26 14:19:03.712811',NULL,'سيف خالد','',69,NULL,'+249922279099','ar',NULL,NULL,'sd','ACTIVE'),(36,'2022-07-26 15:30:50.174605','2022-07-26 15:30:50.174605',NULL,'سحر عبد المنعم','',71,NULL,'+249908805773','ar',NULL,NULL,'sd','ACTIVE'),(37,'2022-07-26 15:39:56.752898','2022-07-26 15:39:56.752898',NULL,'سماح عبدالمنعم','',72,NULL,'+249990434321','ar',NULL,NULL,'sd','ACTIVE'),(38,'2022-07-26 19:10:49.722936','2022-07-26 19:10:49.722936',NULL,'امل حمدالنيل ','',74,'lovestone59@gmail.com','+249902329616','ar',NULL,NULL,'sd','ACTIVE'),(39,'2022-07-26 21:45:32.591450','2022-07-26 21:45:32.591450',NULL,'محمد بشير الدود ','',75,'aldood2012@gmail.com','+249912436266','ar',NULL,NULL,'sd','ACTIVE'),(43,'2022-08-01 12:12:51.590984','2022-08-01 12:12:51.590984',NULL,'عبد الله احمد علي','',89,NULL,'+249905391078','ar',NULL,NULL,'sd','ACTIVE'),(44,'2022-08-01 14:34:33.793076','2022-08-01 14:34:33.793076',NULL,'عوض عبد القيوم العوض فضل الله','',90,NULL,'+249912730040','ar',NULL,NULL,'sd','ACTIVE');
/*!40000 ALTER TABLE `customer` ENABLE KEYS */;
UNLOCK TABLES;

--
-- Table structure for table `password_reset`
--

DROP TABLE IF EXISTS `password_reset`;
/*!40101 SET @saved_cs_client     = @@character_set_client */;
/*!50503 SET character_set_client = utf8mb4 */;
CREATE TABLE `password_reset` (
  `id` int NOT NULL AUTO_INCREMENT,
  `createdAt` datetime(6) NOT NULL DEFAULT CURRENT_TIMESTAMP(6),
  `updatedAt` datetime(6) NOT NULL DEFAULT CURRENT_TIMESTAMP(6) ON UPDATE CURRENT_TIMESTAMP(6),
  `deletedAt` datetime(6) DEFAULT NULL,
  `uuid` varchar(255) NOT NULL,
  `isValid` tinyint NOT NULL DEFAULT '1',
  `accountId` int NOT NULL,
  PRIMARY KEY (`id`),
  KEY `FK_9722d75a3a379324a44b9d89514` (`accountId`),
  CONSTRAINT `FK_9722d75a3a379324a44b9d89514` FOREIGN KEY (`accountId`) REFERENCES `account` (`id`)
) ENGINE=InnoDB AUTO_INCREMENT=3 DEFAULT CHARSET=utf8mb4 COLLATE=utf8mb4_0900_ai_ci;
/*!40101 SET character_set_client = @saved_cs_client */;

--
-- Dumping data for table `password_reset`
--

LOCK TABLES `password_reset` WRITE;
/*!40000 ALTER TABLE `password_reset` DISABLE KEYS */;
INSERT INTO `password_reset` VALUES (1,'2022-07-21 11:16:16.958975','2022-07-21 11:16:16.958975',NULL,'02a73c9a-2f86-41e1-848d-bdc580a64949',1,6),(2,'2022-07-21 11:19:28.139723','2022-07-21 11:19:28.139723',NULL,'25a3639a-3988-465d-8d97-365b311d4ad8',1,6);
/*!40000 ALTER TABLE `password_reset` ENABLE KEYS */;
UNLOCK TABLES;

--
-- Table structure for table `points_record`
--

DROP TABLE IF EXISTS `points_record`;
/*!40101 SET @saved_cs_client     = @@character_set_client */;
/*!50503 SET character_set_client = utf8mb4 */;
CREATE TABLE `points_record` (
  `id` int NOT NULL AUTO_INCREMENT,
  `createdAt` datetime(6) NOT NULL DEFAULT CURRENT_TIMESTAMP(6),
  `updatedAt` datetime(6) NOT NULL DEFAULT CURRENT_TIMESTAMP(6) ON UPDATE CURRENT_TIMESTAMP(6),
  `deletedAt` datetime(6) DEFAULT NULL,
  `targetWalletId` int NOT NULL,
  `originWalletId` int NOT NULL,
  `amount` float NOT NULL,
  PRIMARY KEY (`id`),
  UNIQUE KEY `UQ_RCD` (`targetWalletId`,`originWalletId`),
  KEY `FK_69c1361f734945eadf2624cdeee` (`originWalletId`),
  CONSTRAINT `FK_69c1361f734945eadf2624cdeee` FOREIGN KEY (`originWalletId`) REFERENCES `wallet` (`id`),
  CONSTRAINT `FK_76a403d3cdbfced1c1096a4d89d` FOREIGN KEY (`targetWalletId`) REFERENCES `wallet` (`id`)
) ENGINE=InnoDB AUTO_INCREMENT=52 DEFAULT CHARSET=utf8mb4 COLLATE=utf8mb4_0900_ai_ci;
/*!40101 SET character_set_client = @saved_cs_client */;

--
-- Dumping data for table `points_record`
--

LOCK TABLES `points_record` WRITE;
/*!40000 ALTER TABLE `points_record` DISABLE KEYS */;
INSERT INTO `points_record` VALUES (1,'2022-07-07 17:52:14.657000','2022-07-14 22:02:52.000000',NULL,3,2,2389),(2,'2022-07-07 17:52:14.705224','2022-07-14 13:07:55.000000',NULL,4,2,732.5),(3,'2022-07-07 19:52:35.641606','2022-07-10 20:16:28.000000',NULL,6,5,50),(4,'2022-07-07 19:52:35.696732','2022-07-10 20:16:28.000000',NULL,7,5,0),(5,'2022-07-12 22:10:49.660670','2022-07-12 22:29:42.000000',NULL,9,2,9897.5),(6,'2022-07-13 19:31:00.011123','2022-07-13 19:31:00.011123',NULL,10,2,1100),(7,'2022-07-13 19:56:41.498146','2022-07-13 19:57:32.000000',NULL,11,2,100),(8,'2022-07-14 11:17:32.335456','2022-07-14 15:44:35.000000',NULL,12,8,0),(9,'2022-07-14 11:17:32.376935','2022-07-14 14:52:14.000000',NULL,13,8,0),(10,'2022-07-14 13:07:55.896439','2022-07-14 13:12:47.000000',NULL,14,2,0),(11,'2022-07-14 13:16:53.400539','2022-07-16 06:52:50.000000',NULL,15,8,0),(12,'2022-07-14 21:57:57.824525','2022-07-14 22:02:53.000000',NULL,19,18,119),(13,'2022-07-14 21:57:57.866801','2022-07-14 21:57:57.866801',NULL,4,18,10),(14,'2022-07-15 15:02:51.825067','2022-07-21 21:14:05.000000',NULL,20,17,0),(15,'2022-07-15 15:02:51.869209','2022-07-15 17:21:35.000000',NULL,21,17,0),(16,'2022-07-15 17:21:35.315289','2022-07-15 17:21:35.315289',NULL,22,17,5150),(17,'2022-07-17 05:08:01.058141','2022-07-31 17:23:19.000000',NULL,24,23,3285.5),(18,'2022-07-17 05:08:01.095676','2022-08-01 14:40:41.000000',NULL,25,23,5085),(19,'2022-07-17 05:24:54.170191','2022-07-17 05:37:15.000000',NULL,24,26,0),(20,'2022-07-17 05:24:54.200613','2022-07-17 05:24:54.200613',NULL,25,26,1000),(21,'2022-07-17 05:29:08.704569','2022-07-26 21:54:48.000000',NULL,24,27,12200),(22,'2022-07-17 05:29:08.731558','2022-07-26 21:54:48.000000',NULL,25,27,3750),(23,'2022-07-17 15:55:54.746007','2022-07-17 15:57:47.000000',NULL,28,27,700),(24,'2022-07-19 20:36:27.947308','2022-07-19 20:36:27.947308',NULL,31,27,12000),(25,'2022-07-20 06:07:36.011398','2022-07-20 06:15:10.000000',NULL,33,32,1056),(26,'2022-07-20 06:07:36.051366','2022-07-20 06:07:36.051366',NULL,34,32,50),(27,'2022-07-20 18:06:52.606748','2022-07-20 18:06:52.606748',NULL,37,35,11.77),(28,'2022-07-20 18:06:52.643372','2022-07-20 18:06:52.643372',NULL,38,35,0.54),(29,'2022-07-22 19:44:06.605293','2022-07-22 19:47:16.000000',NULL,40,27,9975),(30,'2022-07-22 19:51:16.998186','2022-07-22 19:54:14.000000',NULL,41,27,7975),(31,'2022-07-22 20:41:06.982643','2022-07-26 14:54:11.000000',NULL,43,42,0),(32,'2022-07-22 20:41:07.110324','2022-07-31 20:10:33.000000',NULL,44,42,0),(33,'2022-07-25 15:57:01.506003','2022-07-25 16:00:02.000000',NULL,49,48,0),(34,'2022-07-25 15:57:01.553725','2022-07-25 16:00:59.000000',NULL,50,48,0),(35,'2022-07-26 14:01:28.347923','2022-07-26 14:04:09.000000',NULL,51,23,600),(36,'2022-07-26 14:43:58.400943','2022-07-26 15:11:37.000000',NULL,52,23,0),(37,'2022-07-26 15:08:49.925888','2022-07-26 15:08:49.925888',NULL,53,42,1100),(38,'2022-07-26 15:45:18.766248','2022-07-26 16:10:04.000000',NULL,54,42,0),(39,'2022-07-26 15:46:40.933573','2022-07-26 15:57:16.000000',NULL,55,42,0),(40,'2022-07-26 15:55:38.769929','2022-07-26 16:10:32.000000',NULL,56,23,0),(41,'2022-07-26 15:56:03.178429','2022-07-26 15:57:39.000000',NULL,57,23,0),(42,'2022-07-26 19:13:27.804668','2022-07-26 19:13:27.804668',NULL,58,23,1100),(43,'2022-07-26 21:52:58.867897','2022-07-26 21:56:44.000000',NULL,59,27,0),(44,'2022-07-26 22:29:19.565503','2022-07-26 22:45:52.000000',NULL,61,60,0),(45,'2022-07-26 22:29:19.602553','2022-07-26 22:46:36.000000',NULL,62,60,0),(46,'2022-07-28 17:36:06.849277','2022-07-28 17:40:05.000000',NULL,64,63,0),(47,'2022-07-28 17:36:06.895335','2022-07-28 17:41:16.000000',NULL,65,63,0),(48,'2022-07-31 18:57:58.607637','2022-07-31 19:00:21.000000',NULL,67,66,0),(49,'2022-07-31 18:57:58.644380','2022-07-31 20:09:49.000000',NULL,68,66,0),(50,'2022-08-01 12:16:06.343619','2022-08-01 12:16:58.000000',NULL,70,23,0),(51,'2022-08-01 14:40:41.910961','2022-08-01 14:42:08.000000',NULL,71,23,0);
/*!40000 ALTER TABLE `points_record` ENABLE KEYS */;
UNLOCK TABLES;

--
-- Table structure for table `provider`
--

DROP TABLE IF EXISTS `provider`;
/*!40101 SET @saved_cs_client     = @@character_set_client */;
/*!50503 SET character_set_client = utf8mb4 */;
CREATE TABLE `provider` (
  `id` int NOT NULL AUTO_INCREMENT,
  `createdAt` datetime(6) NOT NULL DEFAULT CURRENT_TIMESTAMP(6),
  `updatedAt` datetime(6) NOT NULL DEFAULT CURRENT_TIMESTAMP(6) ON UPDATE CURRENT_TIMESTAMP(6),
  `deletedAt` datetime(6) DEFAULT NULL,
  `isSystem` tinyint NOT NULL DEFAULT '0',
  `accountId` int NOT NULL,
  `businessName` varchar(255) NOT NULL,
  `businessAge` int NOT NULL DEFAULT '0',
  `businessAgeUnit` enum('DAYS','MONTHS','YEARS') NOT NULL DEFAULT 'YEARS',
  `businessEmail` varchar(255) DEFAULT NULL,
  `businessAddress` varchar(255) NOT NULL,
  `businessPhoneNumber` varchar(255) NOT NULL,
  `countryCode` varchar(255) NOT NULL DEFAULT 'sd',
  `ownerName` varchar(255) NOT NULL,
  `ownerEmail` varchar(255) DEFAULT NULL,
  `ownerNationality` varchar(255) NOT NULL,
  `ownerGender` enum('f','m') NOT NULL,
  `ownerBirthdate` date NOT NULL,
  `ownerDocumentType` enum('passport','idcard','other') NOT NULL,
  `ownerDocumentNumber` varchar(255) NOT NULL,
  `ownerAddress` varchar(255) NOT NULL,
  `managerName` varchar(255) NOT NULL,
  `managerEmail` varchar(255) DEFAULT NULL,
  `managerNationality` varchar(255) NOT NULL,
  `managerGender` enum('f','m') NOT NULL,
  `managerBirthdate` date NOT NULL DEFAULT '1970-01-01',
  `managerDocumentType` enum('passport','idcard','other') NOT NULL,
  `managerDocumentNumber` varchar(255) NOT NULL,
  `managerAddress` varchar(255) NOT NULL,
  `phoneVerifiedAt` datetime DEFAULT NULL,
  `emailVerifiedAt` datetime DEFAULT NULL,
  `status` enum('PENDING','ACTIVE','INACTIVE','BANNED') NOT NULL DEFAULT 'PENDING',
  `language` enum('en','ar') DEFAULT NULL,
  `businessCategoryId` int DEFAULT NULL,
  `affiliateId` int DEFAULT NULL,
  PRIMARY KEY (`id`),
  UNIQUE KEY `IDX_f3926b272459facb523d4e8f2e` (`ownerDocumentNumber`),
  UNIQUE KEY `IDX_511331c779abbbf3576309de82` (`managerDocumentNumber`),
  UNIQUE KEY `REL_e8b5da60822bd44f396b3c9194` (`accountId`),
  KEY `FK_9a3a195b713187af12de9f45557` (`businessCategoryId`),
  KEY `FK_3659e157c0cdf8a9fe34b43ac20` (`affiliateId`),
  CONSTRAINT `FK_3659e157c0cdf8a9fe34b43ac20` FOREIGN KEY (`affiliateId`) REFERENCES `affiliate` (`id`),
  CONSTRAINT `FK_9a3a195b713187af12de9f45557` FOREIGN KEY (`businessCategoryId`) REFERENCES `business_category` (`id`),
  CONSTRAINT `FK_e8b5da60822bd44f396b3c91949` FOREIGN KEY (`accountId`) REFERENCES `account` (`id`) ON DELETE CASCADE
) ENGINE=InnoDB AUTO_INCREMENT=25 DEFAULT CHARSET=utf8mb4 COLLATE=utf8mb4_0900_ai_ci;
/*!40101 SET character_set_client = @saved_cs_client */;

--
-- Dumping data for table `provider`
--

LOCK TABLES `provider` WRITE;
/*!40000 ALTER TABLE `provider` DISABLE KEYS */;
INSERT INTO `provider` VALUES (1,'2022-07-07 17:24:44.367915','2022-07-15 17:31:11.000000',NULL,0,5,'مركز نور ',6,'YEARS',NULL,'الخرطوم','+249998888788','السودان','إسماعيل صادق ',NULL,'اليَمَن','m','2022-07-06','passport','000000','الخرطوم','ابو سليمان',NULL,'اليَمَن','m','2022-07-06','passport','0000000','الخرطوم',NULL,NULL,'INACTIVE','ar',2,NULL),(2,'2022-07-07 19:21:02.710437','2022-07-07 19:22:40.000000',NULL,0,8,'سوبر ماركت القناعه',1,'YEARS',NULL,'الخرطوم شرق النيل حي الهدﻯ','+249916978885','السودان','بله احمد مكي النور',NULL,'السودان','m','1982-01-10','passport','P03759503',' الكلاكلة','ابوبكر يوسف محمد حمد',NULL,'السودان','m','1997-06-05','passport','12092693802','الخرطوم شرق النيل حي الهدﻯ مربع 3',NULL,NULL,'ACTIVE','ar',3,NULL),(3,'2022-07-08 20:33:00.725780','2022-07-09 03:22:22.000000',NULL,0,14,'متجر قوقل بلاي',4,'YEARS',NULL,'شارع المنشية','+249143163982','sd','مصطفى عمر',NULL,'sd','m','1990-11-11','passport','p01196543','الفيحاء شرق النيل','DOGMA',NULL,'sd','m','2020-01-01','passport','p0456654','KHRT',NULL,NULL,'ACTIVE',NULL,1,NULL),(4,'2022-07-12 11:56:44.223089','2022-07-12 12:02:37.000000',NULL,0,16,'سوبرماركت البدين - سوبا',3,'YEARS',NULL,'الخرطوم شرق النيل سوبا شرق','+249919640418','السودان','البدين حسن آدم البدين ',NULL,'السودان','m','1969-12-25','idcard','12041306416','الخرطوم شرق النيل سوبا شرق ','البدين حسن آدم البدين ',NULL,'السودان','m','1969-12-25','idcard','000000','الخرطوم شرق النيل سوبا شرق ',NULL,NULL,'ACTIVE','ar',3,NULL),(5,'2022-07-12 19:49:48.980021','2022-07-14 14:51:04.000000',NULL,0,18,'خضروات وفواكه رغد - الهدى مربع 4 - نسبة الخصم 10% و 20٪  00249110010010',6,'YEARS',NULL,'الخرطوم شرق النيل حي الهدى مربع ٤','+249110010010','السودان','الطريفي ابوطالب أحمد حامد ',NULL,'السودان','m','1990-07-22','idcard','12055278095','الخرطوم شرق النيل حي الهدى ','الطريفي ابوطالب أحمد حامد ',NULL,'السودان','m','2022-07-11','idcard','٥٥٥٥٥٥','شرق النيل ',NULL,NULL,'ACTIVE','ar',4,NULL),(7,'2022-07-14 14:29:05.852134','2022-07-14 14:47:19.000000',NULL,0,32,'أسماك البحر الأحمر ',15,'YEARS',NULL,'البحر الأحمر ','+249908290836','السودان','ادريس طلحه عمر ادريس ',NULL,'السودان','m','1985-07-14','idcard','17264530004','بورتسودان ','ادريس طلحه عمر ادريس ',NULL,'السودان','m','1985-07-14','idcard','17264530004','بورتسودان ',NULL,NULL,'ACTIVE','ar',13,NULL),(8,'2022-07-15 17:52:25.239293','2022-07-15 17:53:27.000000',NULL,0,37,'مركز جود ',1,'YEARS',NULL,'الرياض ','+966900000000','السعودية','نور',NULL,'العربية السعودية','m','2022-07-14','passport','333333','الرياض ','نور ',NULL,'العربية السعودية','m','2022-07-13','passport','333333','الرياض ',NULL,NULL,'ACTIVE','ar',3,NULL),(9,'2022-07-16 19:34:44.061476','2022-07-16 19:35:44.000000',NULL,0,38,'الابرار للتسوق',6,'YEARS',NULL,'شرق النيل حي الهدي مربع 4','+249910969900','السودان','الوسيلة عباس الرضي شرف يوسف',NULL,'السودان','m','2022-07-05','passport','8855555883','الخرطوم','علاءالدين رحمةالله ابراهيم محمد',NULL,'السودان','m','1984-01-09','passport','895653586565','الخرطوم',NULL,NULL,'ACTIVE','ar',3,NULL),(10,'2022-07-20 05:52:55.946609','2022-07-20 05:54:41.000000',NULL,0,42,'ريان ',1,'YEARS',NULL,'حايل ','+249000000000','السعودية','خالد',NULL,'اليَمَن','m','2022-07-01','passport','0000009000','حايل','ريان',NULL,'اليَمَن','m','2022-07-01','passport','000000000000','حايل',NULL,NULL,'ACTIVE','ar',3,NULL),(11,'2022-07-20 05:53:14.831180','2022-07-20 05:54:54.000000',NULL,0,43,'سوبرماركت كريم ',11,'YEARS',NULL,'امريكا ','+249999999999','السودان','كريم ',NULL,'افغانستان','m','2022-07-01','passport','33333333','امريكا ','كريم ',NULL,'افغانستان','m','2022-07-05','passport','2224455588','كريم ',NULL,NULL,'ACTIVE','ar',3,NULL),(12,'2022-07-20 17:04:07.895239','2022-07-20 17:45:00.000000',NULL,0,45,'موسى',1,'YEARS',NULL,'الخرطوم','+249968528077','السودان','سامر',NULL,'افغانستان','m','2022-07-04','passport','fhu8','الخرطوم','هاشم',NULL,'افغانستان','m','2022-07-01','passport','sdf7','بحري',NULL,NULL,'ACTIVE','ar',2,NULL),(13,'2022-07-22 20:36:08.009864','2022-07-22 20:39:22.000000',NULL,0,52,'ميار هايبر ماركت',2,'YEARS',NULL,'الخرطوم شرق النيل حي الجامعه الفيحاء م ٥','+249918469699','السودان','طارق يحيى الحاج محمد',NULL,'السودان','m','2022-07-21','passport','٣٥٦٧٨٩','الخرطوم','نورالله الخاتم الشريف ',NULL,'السودان','m','2022-07-21','passport','٧٨٨٠','الخرطوم',NULL,NULL,'ACTIVE','ar',3,NULL),(14,'2022-07-25 15:43:51.447387','2022-07-25 15:45:21.000000',NULL,0,63,'لستر لخدمات السيارات ',1,'YEARS',NULL,'الخرطوم -بحري -شرق النيل-حي النصر مربع ١','+249900855292','السودان','هشام صديق حماد حسن',NULL,'السودان','m','1987-09-28','idcard','007061217','بحري - شمبات','هشام',NULL,'السودان','m','2022-07-24','idcard','007061217','الخرطوم بحري',NULL,NULL,'ACTIVE','ar',11,NULL),(15,'2022-07-26 18:51:51.743973','2022-07-26 22:20:02.000000',NULL,0,73,'صيدلية امل حمدالنيل',5,'YEARS',NULL,'شرق النيل حي الهدى مربع 3','+249902329616','السودان','امل حمدالنيل عبدالرحمن حمدالنيل',NULL,'السودان','m','1995-12-10','passport','p07115737','الخرطوم شرق النيل حي الهدى مربع 3','امل حمدالنيل عبدالرحمن ',NULL,'السودان','m','2022-07-25','passport','p000000','الخرطوم ',NULL,NULL,'ACTIVE','ar',7,NULL),(19,'2022-07-26 22:17:52.596432','2022-07-26 22:20:09.000000',NULL,0,79,'امدرمان 2 سنتر للحوم ',2,'YEARS',NULL,'الخرطوم شرق النيل القادسية شارع القذافي ','+249912436266','السودان','حمدان إبراهيم ',NULL,'السودان','m','2022-07-03','passport','00000000','الخرطوم امدرمان امبدة ','محمد بشير الدود ',NULL,'السودان','m','1982-09-29','passport','87643322','الخرطوم شرق النيل القادسية ',NULL,NULL,'ACTIVE','ar',5,NULL),(24,'2022-07-31 18:46:12.662035','2022-07-31 18:49:51.000000',NULL,0,85,'سوبرماركت مكة مول',10,'YEARS',NULL,'الخرطوم شرق النيل حي الهدى مربع ٣ ','+249915050024','السودان','الفاضل حسن ساتي عبد القادر ',NULL,'السودان','m','1965-05-28','idcard','0123456789','الخرطوم شرق النيل حي الهدى مربع ٣ ','خالد جبريل محمد ',NULL,'السودان','m','1987-01-01','idcard','011224478555','الخرطوم شرق النيل حي الهدى مربع ٣ ',NULL,NULL,'ACTIVE','ar',3,NULL);
/*!40000 ALTER TABLE `provider` ENABLE KEYS */;
UNLOCK TABLES;

--
-- Table structure for table `session`
--

DROP TABLE IF EXISTS `session`;
/*!40101 SET @saved_cs_client     = @@character_set_client */;
/*!50503 SET character_set_client = utf8mb4 */;
CREATE TABLE `session` (
  `id` int NOT NULL AUTO_INCREMENT,
  `createdAt` datetime(6) NOT NULL DEFAULT CURRENT_TIMESTAMP(6),
  `updatedAt` datetime(6) NOT NULL DEFAULT CURRENT_TIMESTAMP(6) ON UPDATE CURRENT_TIMESTAMP(6),
  `deletedAt` datetime(6) DEFAULT NULL,
  `accountId` int NOT NULL,
  `token` varchar(255) NOT NULL,
  `isValid` tinyint NOT NULL DEFAULT '1',
  `invaliedAt` datetime DEFAULT NULL,
  PRIMARY KEY (`id`),
  KEY `FK_db27ab5fcaee7b52324fe2c8a24` (`accountId`),
  CONSTRAINT `FK_db27ab5fcaee7b52324fe2c8a24` FOREIGN KEY (`accountId`) REFERENCES `account` (`id`)
) ENGINE=InnoDB AUTO_INCREMENT=464 DEFAULT CHARSET=utf8mb4 COLLATE=utf8mb4_0900_ai_ci;
/*!40101 SET character_set_client = @saved_cs_client */;

--
-- Dumping data for table `session`
--

LOCK TABLES `session` WRITE;
/*!40000 ALTER TABLE `session` DISABLE KEYS */;
INSERT INTO `session` VALUES (1,'2022-07-07 12:55:13.850802','2022-07-07 15:15:09.000000',NULL,1,'eyJhbGciOiJIUzI1NiIsInR5cCI6IkpXVCJ9.eyJ1c2VySWQiOjEsInR5cGUiOiJBRE1JTiIsImlhdCI6MTY1NzE5ODUxM30.xycbd6sAgcJtQ7PSjK8l0rgUxOOW_8ebraaMQ6bW4x0',0,NULL),(2,'2022-07-07 13:16:15.465997','2022-07-07 13:18:21.000000',NULL,3,'eyJhbGciOiJIUzI1NiIsInR5cCI6IkpXVCJ9.eyJ1c2VySWQiOjMsInR5cGUiOiJjdXN0b21lciIsImN1c3RvbWVySWQiOjEsImlhdCI6MTY1NzE5OTc3NX0.dMaf3LJlQune-6lLMCzQmxshwzxMFH59Lp6WA2uO79g',0,NULL),(3,'2022-07-07 13:18:21.057287','2022-07-07 19:06:24.000000',NULL,3,'eyJhbGciOiJIUzI1NiIsInR5cCI6IkpXVCJ9.eyJ1c2VySWQiOjMsInR5cGUiOiJDVVNUT01FUiIsImN1c3RvbWVySWQiOjEsImlhdCI6MTY1NzE5OTkwMX0.ebsZKJaF5nEd-49ilcWYZZKmjSCi1B5NEr4Zbpve5Yk',0,NULL),(4,'2022-07-07 13:49:55.208165','2022-07-07 13:50:54.000000',NULL,4,'eyJhbGciOiJIUzI1NiIsInR5cCI6IkpXVCJ9.eyJ1c2VySWQiOjQsInR5cGUiOiJjdXN0b21lciIsImN1c3RvbWVySWQiOjIsImlhdCI6MTY1NzIwMTc5NX0.0YCVyWubVDdWYJGkdBLpyDGO-UDCbuKFEXlRq0hsFgg',0,NULL),(5,'2022-07-07 13:50:54.675072','2022-07-07 14:13:51.000000',NULL,4,'eyJhbGciOiJIUzI1NiIsInR5cCI6IkpXVCJ9.eyJ1c2VySWQiOjQsInR5cGUiOiJDVVNUT01FUiIsImN1c3RvbWVySWQiOjIsImlhdCI6MTY1NzIwMTg1NH0.gwqmY2xjM9WB1jH2szB_GHkrOc6_wlVlwFBpmBa_R20',0,NULL),(6,'2022-07-07 14:13:51.858794','2022-07-07 19:22:55.000000',NULL,4,'eyJhbGciOiJIUzI1NiIsInR5cCI6IkpXVCJ9.eyJ1c2VySWQiOjQsInR5cGUiOiJDVVNUT01FUiIsImN1c3RvbWVySWQiOjIsImlhdCI6MTY1NzIwMzIzMX0.8ZJhFjD3s0dsciLQUrd_uIGLYOyJ3MuUfF5mTxn-OI8',0,NULL),(7,'2022-07-07 15:15:09.306335','2022-07-07 15:55:04.000000',NULL,1,'eyJhbGciOiJIUzI1NiIsInR5cCI6IkpXVCJ9.eyJ1c2VySWQiOjEsInR5cGUiOiJBRE1JTiIsImlhdCI6MTY1NzIwNjkwOX0.9IkIDJIwHV3cksKIuQnyojaDZa1aNW9WhUoLo6kEQCM',0,NULL),(8,'2022-07-07 15:55:04.746141','2022-07-08 08:26:40.000000',NULL,1,'eyJhbGciOiJIUzI1NiIsInR5cCI6IkpXVCJ9.eyJ1c2VySWQiOjEsInR5cGUiOiJBRE1JTiIsImlhdCI6MTY1NzIwOTMwNH0.TQK8TPBVsGiZDfjzy1ACIrR48UknhRmQoOkiDKDsouY',0,NULL),(9,'2022-07-07 17:25:26.945946','2022-07-07 17:47:27.000000',NULL,5,'eyJhbGciOiJIUzI1NiIsInR5cCI6IkpXVCJ9.eyJ1c2VySWQiOjUsInR5cGUiOiJQUk9WSURFUiIsInByb3ZpZGVySWQiOjEsImlhdCI6MTY1NzIxNDcyNn0.1mI9nVbHRztcG9yoL50ZCz-_kJqrp0s3QairvtpDSm8',0,NULL),(10,'2022-07-07 17:43:01.143463','2022-07-07 17:45:43.000000',NULL,6,'eyJhbGciOiJIUzI1NiIsInR5cCI6IkpXVCJ9.eyJ1c2VySWQiOjYsInR5cGUiOiJjdXN0b21lciIsImN1c3RvbWVySWQiOjMsImlhdCI6MTY1NzIxNTc4MX0.HuKDihsorRoATtNVpAhbnRN3eKEUSeW5Qm10fMif_Ts',0,NULL),(11,'2022-07-07 17:45:43.639484','2022-07-07 19:51:01.000000',NULL,6,'eyJhbGciOiJIUzI1NiIsInR5cCI6IkpXVCJ9.eyJ1c2VySWQiOjYsInR5cGUiOiJDVVNUT01FUiIsImN1c3RvbWVySWQiOjMsImlhdCI6MTY1NzIxNTk0M30.qozyxsg8sq_knNWf6Yp28NNCInCCx4vszt2rY7veIS8',0,NULL),(12,'2022-07-07 17:47:27.935955','2022-07-11 12:19:40.000000',NULL,5,'eyJhbGciOiJIUzI1NiIsInR5cCI6IkpXVCJ9.eyJ1c2VySWQiOjUsInR5cGUiOiJQUk9WSURFUiIsInByb3ZpZGVySWQiOjEsImlhdCI6MTY1NzIxNjA0N30.4IaPcuolVvKvxFOtFZhw6jkcm8mlDFK6KOTy1ID8YuU',0,NULL),(13,'2022-07-07 18:01:20.043197','2022-07-07 18:01:36.000000',NULL,7,'eyJhbGciOiJIUzI1NiIsInR5cCI6IkpXVCJ9.eyJ1c2VySWQiOjcsInR5cGUiOiJjdXN0b21lciIsImN1c3RvbWVySWQiOjQsImlhdCI6MTY1NzIxNjg4MH0.pFvHzVsolezKeBtJCm-Mo__f5w3dZvYMrNvEINOvbLE',0,NULL),(14,'2022-07-07 18:01:36.675090','2022-07-14 19:14:26.000000',NULL,7,'eyJhbGciOiJIUzI1NiIsInR5cCI6IkpXVCJ9.eyJ1c2VySWQiOjcsInR5cGUiOiJDVVNUT01FUiIsImN1c3RvbWVySWQiOjQsImlhdCI6MTY1NzIxNjg5Nn0.hdCE-bkQrp8laJ2f_2BNhUFo6Oo1yEC7LDTCno9_ARA',0,NULL),(15,'2022-07-07 19:06:24.558646','2022-07-07 19:10:16.000000',NULL,3,'eyJhbGciOiJIUzI1NiIsInR5cCI6IkpXVCJ9.eyJ1c2VySWQiOjMsInR5cGUiOiJDVVNUT01FUiIsImN1c3RvbWVySWQiOjEsImlhdCI6MTY1NzIyMDc4NH0.A72_w7L7aOpsHpMvLWl7ZxkUH2nVFViN94_AeguGkFs',0,NULL),(16,'2022-07-07 19:10:16.612804','2022-07-11 03:28:49.000000',NULL,3,'eyJhbGciOiJIUzI1NiIsInR5cCI6IkpXVCJ9.eyJ1c2VySWQiOjMsInR5cGUiOiJDVVNUT01FUiIsImN1c3RvbWVySWQiOjEsImlhdCI6MTY1NzIyMTAxNn0.MxLeGuEm7vXVFtFef_AVD1al0vuIPFjDh_CBvohvGUk',0,NULL),(17,'2022-07-07 19:22:07.613477','2022-07-07 19:50:12.000000',NULL,8,'eyJhbGciOiJIUzI1NiIsInR5cCI6IkpXVCJ9.eyJ1c2VySWQiOjgsInR5cGUiOiJQUk9WSURFUiIsInByb3ZpZGVySWQiOjIsImlhdCI6MTY1NzIyMTcyN30.oXYZUw-SCkk9GuRRD40GmgZQCiRfy_4kpVzzlKkdYlU',0,NULL),(18,'2022-07-07 19:22:55.544728','2022-07-07 19:27:14.000000',NULL,4,'eyJhbGciOiJIUzI1NiIsInR5cCI6IkpXVCJ9.eyJ1c2VySWQiOjQsInR5cGUiOiJDVVNUT01FUiIsImN1c3RvbWVySWQiOjIsImlhdCI6MTY1NzIyMTc3NX0.i7KffMjhXKJH0V3C8qHJBVxk0mJQtELCWgJteUi8qVU',0,NULL),(19,'2022-07-07 19:27:14.697849','2022-07-08 07:16:51.000000',NULL,4,'eyJhbGciOiJIUzI1NiIsInR5cCI6IkpXVCJ9.eyJ1c2VySWQiOjQsInR5cGUiOiJDVVNUT01FUiIsImN1c3RvbWVySWQiOjIsImlhdCI6MTY1NzIyMjAzNH0.4DHXADJDfv1dBrYNPKtdGeA18b8oajoVwhF7l2geiiI',0,NULL),(20,'2022-07-07 19:50:12.047358','2022-07-07 19:50:12.047358',NULL,8,'eyJhbGciOiJIUzI1NiIsInR5cCI6IkpXVCJ9.eyJ1c2VySWQiOjgsInR5cGUiOiJQUk9WSURFUiIsInByb3ZpZGVySWQiOjIsImlhdCI6MTY1NzIyMzQxMn0.d7jRrMJP011QbnN3-fqfoW7yUnodN6WLrmyCZvelNTs',1,NULL),(21,'2022-07-07 19:51:01.786008','2022-07-07 19:55:56.000000',NULL,6,'eyJhbGciOiJIUzI1NiIsInR5cCI6IkpXVCJ9.eyJ1c2VySWQiOjYsInR5cGUiOiJDVVNUT01FUiIsImN1c3RvbWVySWQiOjMsImlhdCI6MTY1NzIyMzQ2MX0.S96ZK9EnVktriXo_WuXGbRvsJ65tTxhX07wyZJrwovE',0,NULL),(22,'2022-07-07 19:55:56.036432','2022-07-07 19:55:58.000000',NULL,6,'eyJhbGciOiJIUzI1NiIsInR5cCI6IkpXVCJ9.eyJ1c2VySWQiOjYsInR5cGUiOiJDVVNUT01FUiIsImN1c3RvbWVySWQiOjMsImlhdCI6MTY1NzIyMzc1Nn0.Pe68dovDzBKAM_BboGedm4eoYDiMtFsICyEEsmt1x3w',0,NULL),(23,'2022-07-07 19:55:58.956261','2022-07-07 19:56:22.000000',NULL,6,'eyJhbGciOiJIUzI1NiIsInR5cCI6IkpXVCJ9.eyJ1c2VySWQiOjYsInR5cGUiOiJDVVNUT01FUiIsImN1c3RvbWVySWQiOjMsImlhdCI6MTY1NzIyMzc1OH0.DkoJM5upHhq70VbsuL-3t0jE4smB11VpHMe4P3LVxic',0,NULL),(24,'2022-07-07 19:56:22.685016','2022-07-08 13:24:59.000000',NULL,6,'eyJhbGciOiJIUzI1NiIsInR5cCI6IkpXVCJ9.eyJ1c2VySWQiOjYsInR5cGUiOiJDVVNUT01FUiIsImN1c3RvbWVySWQiOjMsImlhdCI6MTY1NzIyMzc4Mn0.mMplVESGR0FwQeMSH2n8VUixslGOxkAgawgNJLFPsyA',0,NULL),(25,'2022-07-07 20:23:15.310118','2022-07-07 20:23:35.000000',NULL,9,'eyJhbGciOiJIUzI1NiIsInR5cCI6IkpXVCJ9.eyJ1c2VySWQiOjksInR5cGUiOiJjdXN0b21lciIsImN1c3RvbWVySWQiOjUsImlhdCI6MTY1NzIyNTM5NX0.BAfJ6UebDknLt6SJ4g9T5FC71QgexkTQYeBlfn3zVcs',0,NULL),(26,'2022-07-07 20:23:35.402978','2022-07-13 17:44:31.000000',NULL,9,'eyJhbGciOiJIUzI1NiIsInR5cCI6IkpXVCJ9.eyJ1c2VySWQiOjksInR5cGUiOiJDVVNUT01FUiIsImN1c3RvbWVySWQiOjUsImlhdCI6MTY1NzIyNTQxNX0.sFuom9sEpkAsvN2HqCbwWFzVI_5rUN9cJhlhScasIoo',0,NULL),(27,'2022-07-07 21:30:49.402391','2022-07-07 21:31:08.000000',NULL,10,'eyJhbGciOiJIUzI1NiIsInR5cCI6IkpXVCJ9.eyJ1c2VySWQiOjEwLCJ0eXBlIjoiY3VzdG9tZXIiLCJjdXN0b21lcklkIjo2LCJpYXQiOjE2NTcyMjk0NDl9.zf-e0I3PjWCVQEkHBGjzjAmcqC_fJeCqCOAxQVFTOWM',0,NULL),(28,'2022-07-07 21:31:08.117447','2022-07-07 21:31:08.117447',NULL,10,'eyJhbGciOiJIUzI1NiIsInR5cCI6IkpXVCJ9.eyJ1c2VySWQiOjEwLCJ0eXBlIjoiQ1VTVE9NRVIiLCJjdXN0b21lcklkIjo2LCJpYXQiOjE2NTcyMjk0Njh9.xzEUdQojC6Cw8lce8Z7KT-dKVaeT1j1B8TBO_ESO758',1,NULL),(29,'2022-07-07 21:35:36.534738','2022-07-07 21:35:58.000000',NULL,11,'eyJhbGciOiJIUzI1NiIsInR5cCI6IkpXVCJ9.eyJ1c2VySWQiOjExLCJ0eXBlIjoiY3VzdG9tZXIiLCJjdXN0b21lcklkIjo3LCJpYXQiOjE2NTcyMjk3MzZ9.en4SO8ONSxJQDSJeQbqNPXqXUOebc9yjP7Rd7RDLOpY',0,NULL),(30,'2022-07-07 21:35:58.043503','2022-07-10 21:50:30.000000',NULL,11,'eyJhbGciOiJIUzI1NiIsInR5cCI6IkpXVCJ9.eyJ1c2VySWQiOjExLCJ0eXBlIjoiQ1VTVE9NRVIiLCJjdXN0b21lcklkIjo3LCJpYXQiOjE2NTcyMjk3NTh9.UktHehp4XVWt6bA2YACHvz2Heudv_XMGSu_SFxRHIp8',0,NULL),(31,'2022-07-08 07:16:51.018770','2022-07-20 18:06:09.000000',NULL,4,'eyJhbGciOiJIUzI1NiIsInR5cCI6IkpXVCJ9.eyJ1c2VySWQiOjQsInR5cGUiOiJDVVNUT01FUiIsImN1c3RvbWVySWQiOjIsImlhdCI6MTY1NzI2NDYxMX0.GH8vhn6k8iRmiPCp_2RMmdaPoqwgCY7NLJsbxr7O71A',0,NULL),(32,'2022-07-08 08:26:40.382255','2022-07-08 09:57:52.000000',NULL,1,'eyJhbGciOiJIUzI1NiIsInR5cCI6IkpXVCJ9.eyJ1c2VySWQiOjEsInR5cGUiOiJBRE1JTiIsImlhdCI6MTY1NzI2ODgwMH0.lENLdudXRv7fWSqOOrmtv8IDf_c2KEGL614DB26MBdA',0,NULL),(33,'2022-07-08 09:57:52.403420','2022-07-08 20:27:02.000000',NULL,1,'eyJhbGciOiJIUzI1NiIsInR5cCI6IkpXVCJ9.eyJ1c2VySWQiOjEsInR5cGUiOiJBRE1JTiIsImlhdCI6MTY1NzI3NDI3Mn0.Uo955ozOe_aWQ-XUylNhsrwLH0Ea_WzlLqJqyZw4-Ho',0,NULL),(34,'2022-07-08 11:28:34.223344','2022-07-08 11:28:55.000000',NULL,12,'eyJhbGciOiJIUzI1NiIsInR5cCI6IkpXVCJ9.eyJ1c2VySWQiOjEyLCJ0eXBlIjoiY3VzdG9tZXIiLCJjdXN0b21lcklkIjo4LCJpYXQiOjE2NTcyNzk3MTR9.Eqn1OMaQoC-Qxewo7WfmbHgXgLdBbc5OY5xlRBDW7BQ',0,NULL),(35,'2022-07-08 11:28:55.960330','2022-07-08 11:50:02.000000',NULL,12,'eyJhbGciOiJIUzI1NiIsInR5cCI6IkpXVCJ9.eyJ1c2VySWQiOjEyLCJ0eXBlIjoiQ1VTVE9NRVIiLCJjdXN0b21lcklkIjo4LCJpYXQiOjE2NTcyNzk3MzV9.vTP6amBGvFy1feXUUrFi88_5btwurF2zlq7Q_hcozLo',0,NULL),(36,'2022-07-08 11:50:02.081056','2022-07-08 11:50:02.081056',NULL,12,'eyJhbGciOiJIUzI1NiIsInR5cCI6IkpXVCJ9.eyJ1c2VySWQiOjEyLCJ0eXBlIjoiQ1VTVE9NRVIiLCJjdXN0b21lcklkIjo4LCJpYXQiOjE2NTcyODEwMDJ9.4ai8sqoxfAUFceewYnPhVcJhVtZB98gy9xTAfPUHlbM',1,NULL),(37,'2022-07-08 13:24:59.605158','2022-07-08 19:19:09.000000',NULL,6,'eyJhbGciOiJIUzI1NiIsInR5cCI6IkpXVCJ9.eyJ1c2VySWQiOjYsInR5cGUiOiJDVVNUT01FUiIsImN1c3RvbWVySWQiOjMsImlhdCI6MTY1NzI4NjY5OX0.gr9-voe-5BYBmTjBtLCMWcxyGpMMLuOM6T8YaYjSoAA',0,NULL),(38,'2022-07-08 19:19:09.673107','2022-07-10 21:48:01.000000',NULL,6,'eyJhbGciOiJIUzI1NiIsInR5cCI6IkpXVCJ9.eyJ1c2VySWQiOjYsInR5cGUiOiJDVVNUT01FUiIsImN1c3RvbWVySWQiOjMsImlhdCI6MTY1NzMwNzk0OX0.gLKjc2yc7hNMJ8coyJl7Clo5EbqbDWYqvggQyge6dOM',0,NULL),(39,'2022-07-08 20:27:02.287563','2022-07-08 20:27:12.000000',NULL,1,'eyJhbGciOiJIUzI1NiIsInR5cCI6IkpXVCJ9.eyJ1c2VySWQiOjEsInR5cGUiOiJBRE1JTiIsImlhdCI6MTY1NzMxMjAyMn0.jOvENMovnjTfG2_2VqNRVEUC8GzvojW731US5lE6wm4',0,NULL),(40,'2022-07-08 20:27:12.125665','2022-07-08 20:32:30.000000',NULL,1,'eyJhbGciOiJIUzI1NiIsInR5cCI6IkpXVCJ9.eyJ1c2VySWQiOjEsInR5cGUiOiJBRE1JTiIsImlhdCI6MTY1NzMxMjAzMn0.BOBXIreRekReL37noxQWLVD_wdgbDCG-RsGZs8pLjhE',0,NULL),(41,'2022-07-08 20:30:40.852457','2022-07-09 02:01:49.000000',NULL,13,'eyJhbGciOiJIUzI1NiIsInR5cCI6IkpXVCJ9.eyJ1c2VySWQiOjEzLCJ0eXBlIjoiY3VzdG9tZXIiLCJjdXN0b21lcklkIjo5LCJpYXQiOjE2NTczMTIyNDB9.sJ5v57X7dmNnBHIFlXzsPb9aWDuI6dsRVG1xnY1yZkI',0,NULL),(42,'2022-07-08 20:32:30.083843','2022-07-09 00:12:46.000000',NULL,1,'eyJhbGciOiJIUzI1NiIsInR5cCI6IkpXVCJ9.eyJ1c2VySWQiOjEsInR5cGUiOiJBRE1JTiIsImlhdCI6MTY1NzMxMjM1MH0.K0Oum1QYzbEcbvZsxaFdqww15PBdQARp_KvB2TeZkqw',0,NULL),(43,'2022-07-09 00:12:46.419851','2022-07-09 03:22:00.000000',NULL,1,'eyJhbGciOiJIUzI1NiIsInR5cCI6IkpXVCJ9.eyJ1c2VySWQiOjEsInR5cGUiOiJBRE1JTiIsImlhdCI6MTY1NzMyNTU2Nn0.SjBs-s7z1fLTe7OwntdeQNg_KWsF_5nXXxYA8AJiL8o',0,NULL),(44,'2022-07-09 02:01:49.967731','2022-07-09 02:01:49.967731',NULL,13,'eyJhbGciOiJIUzI1NiIsInR5cCI6IkpXVCJ9.eyJ1c2VySWQiOjEzLCJ0eXBlIjoiQ1VTVE9NRVIiLCJjdXN0b21lcklkIjo5LCJpYXQiOjE2NTczMzIxMDl9.CisDlIxU6q0tNjzuAGnQ2ygPFZDRFKZSnapXg6qkj0o',1,NULL),(45,'2022-07-09 02:03:00.864464','2022-07-09 02:03:00.864464',NULL,14,'eyJhbGciOiJIUzI1NiIsInR5cCI6IkpXVCJ9.eyJ1c2VySWQiOjE0LCJ0eXBlIjoiUFJPVklERVIiLCJwcm92aWRlcklkIjozLCJpYXQiOjE2NTczMzIxODB9.VBZMqzDDEJmC5C1mP1mchgoWpK2ssQMAxGAgzlrgIW8',1,NULL),(46,'2022-07-09 03:22:00.181634','2022-07-09 14:55:42.000000',NULL,1,'eyJhbGciOiJIUzI1NiIsInR5cCI6IkpXVCJ9.eyJ1c2VySWQiOjEsInR5cGUiOiJBRE1JTiIsImlhdCI6MTY1NzMzNjkyMH0.owsrN2gOAmuosDOZacWuIh75SyJJ-E4I1n-GBd7XdOg',0,NULL),(47,'2022-07-09 14:55:42.131042','2022-07-10 20:15:52.000000',NULL,1,'eyJhbGciOiJIUzI1NiIsInR5cCI6IkpXVCJ9.eyJ1c2VySWQiOjEsInR5cGUiOiJBRE1JTiIsImlhdCI6MTY1NzM3ODU0Mn0.RGrvNw8fztE2szp_X3AtaFxaSBMCpRdXVAVtLkjs720',0,NULL),(48,'2022-07-10 20:15:52.781183','2022-07-12 08:01:48.000000',NULL,1,'eyJhbGciOiJIUzI1NiIsInR5cCI6IkpXVCJ9.eyJ1c2VySWQiOjEsInR5cGUiOiJBRE1JTiIsImlhdCI6MTY1NzQ4NDE1Mn0.qDrxgUgCly3LMAuxVgZLmtAaO9EybRVD98Z-xp8clHA',0,NULL),(49,'2022-07-10 21:48:01.724983','2022-07-11 15:22:36.000000',NULL,6,'eyJhbGciOiJIUzI1NiIsInR5cCI6IkpXVCJ9.eyJ1c2VySWQiOjYsInR5cGUiOiJDVVNUT01FUiIsImN1c3RvbWVySWQiOjMsImlhdCI6MTY1NzQ4OTY4MX0.UoniJbYHHlsdTq7hi4dv2cjAJxkC8Z9liM8eVyD4f8U',0,NULL),(50,'2022-07-10 21:50:30.978042','2022-07-17 04:59:46.000000',NULL,11,'eyJhbGciOiJIUzI1NiIsInR5cCI6IkpXVCJ9.eyJ1c2VySWQiOjExLCJ0eXBlIjoiQ1VTVE9NRVIiLCJjdXN0b21lcklkIjo3LCJpYXQiOjE2NTc0ODk4MzB9.0e4F5wSvwhbXyKPQYHLlBVESecxP-WBmy6DoJMUhPSU',0,NULL),(51,'2022-07-11 03:28:49.454670','2022-07-11 03:29:40.000000',NULL,3,'eyJhbGciOiJIUzI1NiIsInR5cCI6IkpXVCJ9.eyJ1c2VySWQiOjMsInR5cGUiOiJDVVNUT01FUiIsImN1c3RvbWVySWQiOjEsImlhdCI6MTY1NzUxMDEyOX0.yyWDORmb1w6WQ2rr3wl7Zl2-44UXvvyGdL4MndfTGjg',0,NULL),(52,'2022-07-11 03:29:40.789198','2022-07-11 03:29:40.789198',NULL,3,'eyJhbGciOiJIUzI1NiIsInR5cCI6IkpXVCJ9.eyJ1c2VySWQiOjMsInR5cGUiOiJDVVNUT01FUiIsImN1c3RvbWVySWQiOjEsImlhdCI6MTY1NzUxMDE4MH0.zeT42_eEDm50rVuhszjZfYmGatprxzz6Pil7STPzrCo',1,NULL),(53,'2022-07-11 12:19:40.443230','2022-07-12 18:49:19.000000',NULL,5,'eyJhbGciOiJIUzI1NiIsInR5cCI6IkpXVCJ9.eyJ1c2VySWQiOjUsInR5cGUiOiJQUk9WSURFUiIsInByb3ZpZGVySWQiOjEsImlhdCI6MTY1NzU0MTk4MH0.Pnbp-kjxNrwBzzCEhpiAYkMd9Um71DZGHF1NzLZZAXY',0,NULL),(54,'2022-07-11 15:22:36.157396','2022-07-12 12:01:11.000000',NULL,6,'eyJhbGciOiJIUzI1NiIsInR5cCI6IkpXVCJ9.eyJ1c2VySWQiOjYsInR5cGUiOiJDVVNUT01FUiIsImN1c3RvbWVySWQiOjMsImlhdCI6MTY1NzU1Mjk1Nn0.-BlZDbplwwtKneieO8uv4zX3eVRQPKM6zn6rCVvdb0g',0,NULL),(55,'2022-07-12 08:01:48.618195','2022-07-12 20:43:37.000000',NULL,1,'eyJhbGciOiJIUzI1NiIsInR5cCI6IkpXVCJ9.eyJ1c2VySWQiOjEsInR5cGUiOiJBRE1JTiIsImlhdCI6MTY1NzYxMjkwOH0.fVBK4rEaNofxokV8TKVKvA8eqjZP5CU0hYXqWW7lYww',0,NULL),(56,'2022-07-12 08:29:52.710495','2022-07-12 08:30:08.000000',NULL,15,'eyJhbGciOiJIUzI1NiIsInR5cCI6IkpXVCJ9.eyJ1c2VySWQiOjE1LCJ0eXBlIjoiY3VzdG9tZXIiLCJjdXN0b21lcklkIjoxMCwiaWF0IjoxNjU3NjE0NTkyfQ.7x1Ct1g6jtMia6mKznqipqra5YiBKJB1s_gQATUeJbw',0,NULL),(57,'2022-07-12 08:30:08.235117','2022-07-21 08:43:33.000000',NULL,15,'eyJhbGciOiJIUzI1NiIsInR5cCI6IkpXVCJ9.eyJ1c2VySWQiOjE1LCJ0eXBlIjoiQ1VTVE9NRVIiLCJjdXN0b21lcklkIjoxMCwiaWF0IjoxNjU3NjE0NjA4fQ.ISXhgYOFdi-0TvX3Mo00gPFVCKCj_XJRYIs9a8PyZIc',0,NULL),(58,'2022-07-12 11:58:47.176343','2022-07-12 11:58:47.176343',NULL,16,'eyJhbGciOiJIUzI1NiIsInR5cCI6IkpXVCJ9.eyJ1c2VySWQiOjE2LCJ0eXBlIjoiUFJPVklERVIiLCJwcm92aWRlcklkIjo0LCJpYXQiOjE2NTc2MjcxMjd9.ZOIwZjaYy5nMaL1g8XodAfgEzon5byORzEzudpm44GE',1,NULL),(59,'2022-07-12 12:01:11.732769','2022-07-12 12:01:11.000000',NULL,6,'eyJhbGciOiJIUzI1NiIsInR5cCI6IkpXVCJ9.eyJ1c2VySWQiOjYsInR5cGUiOiJDVVNUT01FUiIsImN1c3RvbWVySWQiOjMsImlhdCI6MTY1NzYyNzI3MX0.omZUB4rOzs_bNMbh6ieLck4-XqudW2v4ahd7raTCBFA',0,NULL),(60,'2022-07-12 12:01:11.927803','2022-07-12 14:33:58.000000',NULL,6,'eyJhbGciOiJIUzI1NiIsInR5cCI6IkpXVCJ9.eyJ1c2VySWQiOjYsInR5cGUiOiJDVVNUT01FUiIsImN1c3RvbWVySWQiOjMsImlhdCI6MTY1NzYyNzI3MX0.omZUB4rOzs_bNMbh6ieLck4-XqudW2v4ahd7raTCBFA',0,NULL),(61,'2022-07-12 14:33:58.118199','2022-07-12 19:03:27.000000',NULL,6,'eyJhbGciOiJIUzI1NiIsInR5cCI6IkpXVCJ9.eyJ1c2VySWQiOjYsInR5cGUiOiJDVVNUT01FUiIsImN1c3RvbWVySWQiOjMsImlhdCI6MTY1NzYzNjQzOH0.1l5bFsipZ6qb2pMk5l7AfdzCIn_Opc7v9yZHP8Jzq3U',0,NULL),(62,'2022-07-12 16:12:22.615220','2022-07-12 21:00:15.000000',NULL,17,'eyJhbGciOiJIUzI1NiIsInR5cCI6IkpXVCJ9.eyJ1c2VySWQiOjE3LCJ0eXBlIjoiY3VzdG9tZXIiLCJjdXN0b21lcklkIjoxMSwiaWF0IjoxNjU3NjQyMzQyfQ.CZeprb1JESWeSt6fAbDjwrTMTxvxjeuoyzMxOUa7i2Y',0,NULL),(63,'2022-07-12 18:49:19.076984','2022-07-12 19:00:33.000000',NULL,5,'eyJhbGciOiJIUzI1NiIsInR5cCI6IkpXVCJ9.eyJ1c2VySWQiOjUsInR5cGUiOiJQUk9WSURFUiIsInByb3ZpZGVySWQiOjEsImlhdCI6MTY1NzY1MTc1OX0.9OgoUn9KGK2IUXafFuEPxshAUjnJfP8aifPwqZ8NYzo',0,NULL),(64,'2022-07-12 18:49:19.078657','2022-07-12 19:00:33.000000',NULL,5,'eyJhbGciOiJIUzI1NiIsInR5cCI6IkpXVCJ9.eyJ1c2VySWQiOjUsInR5cGUiOiJQUk9WSURFUiIsInByb3ZpZGVySWQiOjEsImlhdCI6MTY1NzY1MTc1OX0.9OgoUn9KGK2IUXafFuEPxshAUjnJfP8aifPwqZ8NYzo',0,NULL),(65,'2022-07-12 19:00:33.005713','2022-07-12 19:03:12.000000',NULL,5,'eyJhbGciOiJIUzI1NiIsInR5cCI6IkpXVCJ9.eyJ1c2VySWQiOjUsInR5cGUiOiJQUk9WSURFUiIsInByb3ZpZGVySWQiOjEsImlhdCI6MTY1NzY1MjQzMn0.x7t7GXqFoVbmvkN-86_b0naK7nTDtSM3Jr4G_TUR3ws',0,NULL),(66,'2022-07-12 19:03:12.517757','2022-07-12 22:08:11.000000',NULL,5,'eyJhbGciOiJIUzI1NiIsInR5cCI6IkpXVCJ9.eyJ1c2VySWQiOjUsInR5cGUiOiJQUk9WSURFUiIsInByb3ZpZGVySWQiOjEsImlhdCI6MTY1NzY1MjU5Mn0.tRaTQxvL9DhRAHwebMtRDUWJACtWeO9jAdxpl4A6Xr4',0,NULL),(67,'2022-07-12 19:03:27.367412','2022-07-12 22:26:47.000000',NULL,6,'eyJhbGciOiJIUzI1NiIsInR5cCI6IkpXVCJ9.eyJ1c2VySWQiOjYsInR5cGUiOiJDVVNUT01FUiIsImN1c3RvbWVySWQiOjMsImlhdCI6MTY1NzY1MjYwN30.HJC_jS8EJ5xOW_BWxj-KcTfcHZd3YEYasRvTC7QOKKk',0,NULL),(68,'2022-07-12 19:50:59.972793','2022-07-12 20:51:06.000000',NULL,18,'eyJhbGciOiJIUzI1NiIsInR5cCI6IkpXVCJ9.eyJ1c2VySWQiOjE4LCJ0eXBlIjoiUFJPVklERVIiLCJwcm92aWRlcklkIjo1LCJpYXQiOjE2NTc2NTU0NTl9.22UYuKN_sKUf8h0Je8MNCaM8vGx7jpmskkYtbkjhFv4',0,NULL),(69,'2022-07-12 20:43:37.550607','2022-07-13 06:26:02.000000',NULL,1,'eyJhbGciOiJIUzI1NiIsInR5cCI6IkpXVCJ9.eyJ1c2VySWQiOjEsInR5cGUiOiJBRE1JTiIsImlhdCI6MTY1NzY1ODYxN30.ebHCViBIxdMcY0aGLGOo89zppgD9sTKVnOsrS7XNQCk',0,NULL),(70,'2022-07-12 20:51:06.288736','2022-07-14 11:16:18.000000',NULL,18,'eyJhbGciOiJIUzI1NiIsInR5cCI6IkpXVCJ9.eyJ1c2VySWQiOjE4LCJ0eXBlIjoiUFJPVklERVIiLCJwcm92aWRlcklkIjo1LCJpYXQiOjE2NTc2NTkwNjZ9.62yn_F1j1iX9-PB_sdhXBwfyyxWOjqYJbGTbBLP2DZk',0,NULL),(71,'2022-07-12 21:00:15.856501','2022-07-12 21:04:24.000000',NULL,17,'eyJhbGciOiJIUzI1NiIsInR5cCI6IkpXVCJ9.eyJ1c2VySWQiOjE3LCJ0eXBlIjoiQ1VTVE9NRVIiLCJjdXN0b21lcklkIjoxMSwiaWF0IjoxNjU3NjU5NjE1fQ.qfaDxdjGxuFR2kN9IR3oL_F5PmR55wOyXK3SA7XVojI',0,NULL),(72,'2022-07-12 21:04:24.309403','2022-07-12 21:16:44.000000',NULL,17,'eyJhbGciOiJIUzI1NiIsInR5cCI6IkpXVCJ9.eyJ1c2VySWQiOjE3LCJ0eXBlIjoiQ1VTVE9NRVIiLCJjdXN0b21lcklkIjoxMSwiaWF0IjoxNjU3NjU5ODY0fQ.FBlXNjcGsUDNdewjmcypx_wjWYsyqfgpQi0n5uGokEg',0,NULL),(73,'2022-07-12 21:16:44.102685','2022-07-12 21:47:35.000000',NULL,17,'eyJhbGciOiJIUzI1NiIsInR5cCI6IkpXVCJ9.eyJ1c2VySWQiOjE3LCJ0eXBlIjoiQ1VTVE9NRVIiLCJjdXN0b21lcklkIjoxMSwiaWF0IjoxNjU3NjYwNjA0fQ.pWwTcPBgEvF5a2JkiVdsLnQSmkQUieLVXhvak-8zl9Q',0,NULL),(74,'2022-07-12 21:47:35.924330','2022-07-12 22:02:57.000000',NULL,17,'eyJhbGciOiJIUzI1NiIsInR5cCI6IkpXVCJ9.eyJ1c2VySWQiOjE3LCJ0eXBlIjoiQ1VTVE9NRVIiLCJjdXN0b21lcklkIjoxMSwiaWF0IjoxNjU3NjYyNDU1fQ.t4HYg9BpsnMN6QB5USYq__SPmpddheMZmXW-ioeDfPU',0,NULL),(75,'2022-07-12 22:02:57.795194','2022-07-12 22:12:56.000000',NULL,17,'eyJhbGciOiJIUzI1NiIsInR5cCI6IkpXVCJ9.eyJ1c2VySWQiOjE3LCJ0eXBlIjoiQ1VTVE9NRVIiLCJjdXN0b21lcklkIjoxMSwiaWF0IjoxNjU3NjYzMzc3fQ.v2_u41EBRJ3UaI40ksPuDUl2erk4okfHm2E2U_52BVU',0,NULL),(76,'2022-07-12 22:08:11.751783','2022-07-12 22:10:32.000000',NULL,5,'eyJhbGciOiJIUzI1NiIsInR5cCI6IkpXVCJ9.eyJ1c2VySWQiOjUsInR5cGUiOiJQUk9WSURFUiIsInByb3ZpZGVySWQiOjEsImlhdCI6MTY1NzY2MzY5MX0.4suDm-0y_J_D7pLTg0fhpS62HzWKDUMCUgITN3g1fYI',0,NULL),(77,'2022-07-12 22:10:32.043500','2022-07-12 22:18:50.000000',NULL,5,'eyJhbGciOiJIUzI1NiIsInR5cCI6IkpXVCJ9.eyJ1c2VySWQiOjUsInR5cGUiOiJQUk9WSURFUiIsInByb3ZpZGVySWQiOjEsImlhdCI6MTY1NzY2MzgzMn0.kxfy6ad3QoqxUXxwrOYEWw65UAHLMX2FqJ231umySJI',0,NULL),(78,'2022-07-12 22:12:56.847019','2022-07-12 22:12:58.000000',NULL,17,'eyJhbGciOiJIUzI1NiIsInR5cCI6IkpXVCJ9.eyJ1c2VySWQiOjE3LCJ0eXBlIjoiQ1VTVE9NRVIiLCJjdXN0b21lcklkIjoxMSwiaWF0IjoxNjU3NjYzOTc2fQ.dcNxj503MtYBvP4GLpTD0aBzl-zo6L7Dfr-0YmosQcE',0,NULL),(79,'2022-07-12 22:12:58.919319','2022-07-12 22:13:25.000000',NULL,17,'eyJhbGciOiJIUzI1NiIsInR5cCI6IkpXVCJ9.eyJ1c2VySWQiOjE3LCJ0eXBlIjoiQ1VTVE9NRVIiLCJjdXN0b21lcklkIjoxMSwiaWF0IjoxNjU3NjYzOTc4fQ.F_cRNzlzUDd5EoVxFZwmvnhio_8PmWQpMyHx1R5y6vg',0,NULL),(80,'2022-07-12 22:13:25.661053','2022-07-12 22:17:18.000000',NULL,17,'eyJhbGciOiJIUzI1NiIsInR5cCI6IkpXVCJ9.eyJ1c2VySWQiOjE3LCJ0eXBlIjoiQ1VTVE9NRVIiLCJjdXN0b21lcklkIjoxMSwiaWF0IjoxNjU3NjY0MDA1fQ.LicAjv_VnwTo7TySGGswPDMzskFCDRfLODFitPdwF94',0,NULL),(81,'2022-07-12 22:17:18.073935','2022-07-13 03:55:18.000000',NULL,17,'eyJhbGciOiJIUzI1NiIsInR5cCI6IkpXVCJ9.eyJ1c2VySWQiOjE3LCJ0eXBlIjoiQ1VTVE9NRVIiLCJjdXN0b21lcklkIjoxMSwiaWF0IjoxNjU3NjY0MjM4fQ.5EE2tiaW8GiawIHFddIDN89NCaK0cYMS8NowhNyQeaE',0,NULL),(82,'2022-07-12 22:18:50.575988','2022-07-12 22:40:34.000000',NULL,5,'eyJhbGciOiJIUzI1NiIsInR5cCI6IkpXVCJ9.eyJ1c2VySWQiOjUsInR5cGUiOiJQUk9WSURFUiIsInByb3ZpZGVySWQiOjEsImlhdCI6MTY1NzY2NDMzMH0.f5u_NF7kU10WDW1PqsDuHyYRyTWyagUBQSDxlQTC2Ho',0,NULL),(83,'2022-07-12 22:26:47.599059','2022-07-12 22:39:43.000000',NULL,6,'eyJhbGciOiJIUzI1NiIsInR5cCI6IkpXVCJ9.eyJ1c2VySWQiOjYsInR5cGUiOiJDVVNUT01FUiIsImN1c3RvbWVySWQiOjMsImlhdCI6MTY1NzY2NDgwN30.5l9uuUYFmdoelggTlSKs4R0TP7qQOCG62XT_NA3KacI',0,NULL),(84,'2022-07-12 22:39:43.316995','2022-07-12 22:58:31.000000',NULL,6,'eyJhbGciOiJIUzI1NiIsInR5cCI6IkpXVCJ9.eyJ1c2VySWQiOjYsInR5cGUiOiJDVVNUT01FUiIsImN1c3RvbWVySWQiOjMsImlhdCI6MTY1NzY2NTU4M30.eUER2dP38IlogPRFRYf9GI9U5PkhSwzQvSl_Cajybn8',0,NULL),(85,'2022-07-12 22:40:34.729913','2022-07-13 19:29:41.000000',NULL,5,'eyJhbGciOiJIUzI1NiIsInR5cCI6IkpXVCJ9.eyJ1c2VySWQiOjUsInR5cGUiOiJQUk9WSURFUiIsInByb3ZpZGVySWQiOjEsImlhdCI6MTY1NzY2NTYzNH0.XTHMfhGHumhviDz4HGe-2y-VFrlENRlsHvewcbKdpJg',0,NULL),(86,'2022-07-12 22:58:31.924364','2022-07-13 19:28:03.000000',NULL,6,'eyJhbGciOiJIUzI1NiIsInR5cCI6IkpXVCJ9.eyJ1c2VySWQiOjYsInR5cGUiOiJDVVNUT01FUiIsImN1c3RvbWVySWQiOjMsImlhdCI6MTY1NzY2NjcxMX0.7p6KPbTUoGoYN26cVdNsV1KsKWLQ9YK1hrjbohQLd7Y',0,NULL),(87,'2022-07-13 03:55:18.567975','2022-07-13 13:32:20.000000',NULL,17,'eyJhbGciOiJIUzI1NiIsInR5cCI6IkpXVCJ9.eyJ1c2VySWQiOjE3LCJ0eXBlIjoiQ1VTVE9NRVIiLCJjdXN0b21lcklkIjoxMSwiaWF0IjoxNjU3Njg0NTE4fQ.GqWtWYHzkooeaGZ9_9QYQg7jdJ4tDhUePvsRi3MLsgQ',0,NULL),(88,'2022-07-13 06:26:02.206567','2022-07-13 11:54:26.000000',NULL,1,'eyJhbGciOiJIUzI1NiIsInR5cCI6IkpXVCJ9.eyJ1c2VySWQiOjEsInR5cGUiOiJBRE1JTiIsImlhdCI6MTY1NzY5MzU2Mn0.iP-WJEA3DhHH8LzADOfr9iGP5FXKAO3SxagpAEZ8ZOQ',0,NULL),(89,'2022-07-13 11:54:26.728210','2022-07-13 21:56:18.000000',NULL,1,'eyJhbGciOiJIUzI1NiIsInR5cCI6IkpXVCJ9.eyJ1c2VySWQiOjEsInR5cGUiOiJBRE1JTiIsImlhdCI6MTY1NzcxMzI2Nn0.t-QpkUPkffST7K5JdiMBnPfUW_VT2aS1JCDfwaaMBL0',0,NULL),(90,'2022-07-13 13:32:20.808431','2022-07-14 14:37:09.000000',NULL,17,'eyJhbGciOiJIUzI1NiIsInR5cCI6IkpXVCJ9.eyJ1c2VySWQiOjE3LCJ0eXBlIjoiQ1VTVE9NRVIiLCJjdXN0b21lcklkIjoxMSwiaWF0IjoxNjU3NzE5MTQwfQ.LlnPL4tXSsVpA5A7y2gn2lZKaQ9TA4NDOY-fpeA1fk0',0,NULL),(91,'2022-07-13 14:45:52.580598','2022-07-13 14:45:52.580598',NULL,25,'eyJhbGciOiJIUzI1NiIsInR5cCI6IkpXVCJ9.eyJ1c2VySWQiOjI1LCJ0eXBlIjoiY3VzdG9tZXIiLCJjdXN0b21lcklkIjoxNiwiaWF0IjoxNjU3NzIzNTUyfQ.7wiFoo383iJ0LER4jfj3WcwP77S928PcK2CNixsc66U',1,NULL),(92,'2022-07-13 15:51:17.473073','2022-07-13 15:51:17.473073',NULL,27,'eyJhbGciOiJIUzI1NiIsInR5cCI6IkpXVCJ9.eyJ1c2VySWQiOjI3LCJ0eXBlIjoiY3VzdG9tZXIiLCJjdXN0b21lcklkIjoxNywiaWF0IjoxNjU3NzI3NDc3fQ.2iWFpAhd7Np5mDU8KAz-qXaNAJoeYVgpwNt_YaoLz04',1,NULL),(93,'2022-07-13 17:44:31.885232','2022-07-13 17:44:31.885232',NULL,9,'eyJhbGciOiJIUzI1NiIsInR5cCI6IkpXVCJ9.eyJ1c2VySWQiOjksInR5cGUiOiJDVVNUT01FUiIsImN1c3RvbWVySWQiOjUsImlhdCI6MTY1NzczNDI3MX0.gp1Wf382vliRX7zzz7xxPDu3RU0oRytTkLUT2za23K4',1,NULL),(94,'2022-07-13 19:28:03.191119','2022-07-13 20:31:17.000000',NULL,6,'eyJhbGciOiJIUzI1NiIsInR5cCI6IkpXVCJ9.eyJ1c2VySWQiOjYsInR5cGUiOiJDVVNUT01FUiIsImN1c3RvbWVySWQiOjMsImlhdCI6MTY1Nzc0MDQ4M30.N6oH5L5v3YjUZzqQPLFU6jNPBTL2BE2hwjWAQVQ1RDM',0,NULL),(95,'2022-07-13 19:29:41.577434','2022-07-13 19:55:24.000000',NULL,5,'eyJhbGciOiJIUzI1NiIsInR5cCI6IkpXVCJ9.eyJ1c2VySWQiOjUsInR5cGUiOiJQUk9WSURFUiIsInByb3ZpZGVySWQiOjEsImlhdCI6MTY1Nzc0MDU4MX0.yDzy-R6DXLWYFsXexOfn91qaNg4Sd2oRZDV3ZhlaUjs',0,NULL),(96,'2022-07-13 19:55:05.057940','2022-07-13 19:55:28.000000',NULL,28,'eyJhbGciOiJIUzI1NiIsInR5cCI6IkpXVCJ9.eyJ1c2VySWQiOjI4LCJ0eXBlIjoiY3VzdG9tZXIiLCJjdXN0b21lcklkIjoxOCwiaWF0IjoxNjU3NzQyMTA1fQ.-UCzfNrWzy2G6U-0lRvlwTwMgJnoHVrTbPZDGl4i7OY',0,NULL),(97,'2022-07-13 19:55:24.297615','2022-07-13 21:57:04.000000',NULL,5,'eyJhbGciOiJIUzI1NiIsInR5cCI6IkpXVCJ9.eyJ1c2VySWQiOjUsInR5cGUiOiJQUk9WSURFUiIsInByb3ZpZGVySWQiOjEsImlhdCI6MTY1Nzc0MjEyNH0._f84Nrb-DCkEJxAegg03fS3GazHCgrD0E0U6Zl7nEhY',0,NULL),(98,'2022-07-13 19:55:28.036332','2022-07-13 19:55:28.036332',NULL,28,'eyJhbGciOiJIUzI1NiIsInR5cCI6IkpXVCJ9.eyJ1c2VySWQiOjI4LCJ0eXBlIjoiQ1VTVE9NRVIiLCJjdXN0b21lcklkIjoxOCwiaWF0IjoxNjU3NzQyMTI4fQ.NDqJE3u7ebeU08CcM8-HQa4JPpuVWiFzZrUJ4QJs3no',1,NULL),(99,'2022-07-13 20:30:49.888930','2022-07-13 20:30:50.000000',NULL,30,'eyJhbGciOiJIUzI1NiIsInR5cCI6IkpXVCJ9.eyJ1c2VySWQiOjMwLCJ0eXBlIjoiUFJPVklERVIiLCJwcm92aWRlcklkIjo2LCJpYXQiOjE2NTc3NDQyNDl9.FMb46jtcfmOB2U6VKJ66IUTviuDy4LseIaK5PA1d5ag',0,NULL),(100,'2022-07-13 20:30:50.736911','2022-07-13 20:31:35.000000',NULL,30,'eyJhbGciOiJIUzI1NiIsInR5cCI6IkpXVCJ9.eyJ1c2VySWQiOjMwLCJ0eXBlIjoiUFJPVklERVIiLCJwcm92aWRlcklkIjo2LCJpYXQiOjE2NTc3NDQyNTB9.Xa-v0PB9DJ-n9rzYWtuR6_iP7hybVE11WTm92pl-QXw',0,NULL),(101,'2022-07-13 20:31:17.191742','2022-07-13 21:58:03.000000',NULL,6,'eyJhbGciOiJIUzI1NiIsInR5cCI6IkpXVCJ9.eyJ1c2VySWQiOjYsInR5cGUiOiJDVVNUT01FUiIsImN1c3RvbWVySWQiOjMsImlhdCI6MTY1Nzc0NDI3N30.tEhadcRQuXZmUdCdr3ufEPmsQK0nNmxZPoATzQ1bjA0',0,NULL),(102,'2022-07-13 20:31:35.316592','2022-07-13 20:31:35.316592',NULL,30,'eyJhbGciOiJIUzI1NiIsInR5cCI6IkpXVCJ9.eyJ1c2VySWQiOjMwLCJ0eXBlIjoiUFJPVklERVIiLCJwcm92aWRlcklkIjo2LCJpYXQiOjE2NTc3NDQyOTV9.X8G1hC81G1st0YKd7IQgeU0F6LIADUYSDBaEBxSwg-g',1,NULL),(103,'2022-07-13 21:56:18.193313','2022-07-14 04:11:39.000000',NULL,1,'eyJhbGciOiJIUzI1NiIsInR5cCI6IkpXVCJ9.eyJ1c2VySWQiOjEsInR5cGUiOiJBRE1JTiIsImlhdCI6MTY1Nzc0OTM3OH0.ZlXaQLz71Qi0Hv46o_bsJyH-nCnqsLH7PbdTD8iMdRQ',0,NULL),(104,'2022-07-13 21:57:05.006594','2022-07-13 21:58:31.000000',NULL,5,'eyJhbGciOiJIUzI1NiIsInR5cCI6IkpXVCJ9.eyJ1c2VySWQiOjUsInR5cGUiOiJQUk9WSURFUiIsInByb3ZpZGVySWQiOjEsImlhdCI6MTY1Nzc0OTQyNH0.a3aLuJoujp5LgaG6fCB4EJzMDaB7LRbiPIVMxqRH01Q',0,NULL),(105,'2022-07-13 21:58:03.518751','2022-07-14 11:17:33.000000',NULL,6,'eyJhbGciOiJIUzI1NiIsInR5cCI6IkpXVCJ9.eyJ1c2VySWQiOjYsInR5cGUiOiJDVVNUT01FUiIsImN1c3RvbWVySWQiOjMsImlhdCI6MTY1Nzc0OTQ4M30.mFRPfCebzu5QCvQfnSLZw7jNLdQSkDercqXWhuCHhis',0,NULL),(106,'2022-07-13 21:58:31.451937','2022-07-14 13:07:08.000000',NULL,5,'eyJhbGciOiJIUzI1NiIsInR5cCI6IkpXVCJ9.eyJ1c2VySWQiOjUsInR5cGUiOiJQUk9WSURFUiIsInByb3ZpZGVySWQiOjEsImlhdCI6MTY1Nzc0OTUxMX0.pCMQ6D3Cq5U4cX1lMVEMPL93Z2sZI9nstnuHWGXPW7w',0,NULL),(107,'2022-07-14 04:11:39.020657','2022-07-14 11:05:52.000000',NULL,1,'eyJhbGciOiJIUzI1NiIsInR5cCI6IkpXVCJ9.eyJ1c2VySWQiOjEsInR5cGUiOiJBRE1JTiIsImlhdCI6MTY1Nzc3MTg5OX0.Mq9LkqlyOU0yiNksnF5JvDQTYNOqeju7KdoPm5VY4Dg',0,NULL),(108,'2022-07-14 11:05:52.729436','2022-07-19 09:28:05.000000',NULL,1,'eyJhbGciOiJIUzI1NiIsInR5cCI6IkpXVCJ9.eyJ1c2VySWQiOjEsInR5cGUiOiJBRE1JTiIsImlhdCI6MTY1Nzc5Njc1Mn0.aBJGVqp-xteceFhJrHBZLd-CaSdCo9KV7w-VwiDHWMk',0,NULL),(109,'2022-07-14 11:16:18.897454','2022-07-14 14:53:24.000000',NULL,18,'eyJhbGciOiJIUzI1NiIsInR5cCI6IkpXVCJ9.eyJ1c2VySWQiOjE4LCJ0eXBlIjoiUFJPVklERVIiLCJwcm92aWRlcklkIjo1LCJpYXQiOjE2NTc3OTczNzh9.c48A3BMO5xBQRbKCElU0QVbnccLt63Gh1xTJxO0bo58',0,NULL),(110,'2022-07-14 11:17:33.932428','2022-07-14 13:15:31.000000',NULL,6,'eyJhbGciOiJIUzI1NiIsInR5cCI6IkpXVCJ9.eyJ1c2VySWQiOjYsInR5cGUiOiJDVVNUT01FUiIsImN1c3RvbWVySWQiOjMsImlhdCI6MTY1Nzc5NzQ1M30.X2cXRFBURkGxB0a3OilqAUdpaTr0wodcHSf2OjL-bmU',0,NULL),(111,'2022-07-14 12:58:29.583315','2022-07-14 12:59:35.000000',NULL,31,'eyJhbGciOiJIUzI1NiIsInR5cCI6IkpXVCJ9.eyJ1c2VySWQiOjMxLCJ0eXBlIjoiY3VzdG9tZXIiLCJjdXN0b21lcklkIjoxOSwiaWF0IjoxNjU3ODAzNTA5fQ.DAzNuQ6xyBjJ3ytb4fapoFWLVGflnT_sTDpZb2OpSEg',0,NULL),(112,'2022-07-14 12:59:35.210749','2022-07-14 13:05:38.000000',NULL,31,'eyJhbGciOiJIUzI1NiIsInR5cCI6IkpXVCJ9.eyJ1c2VySWQiOjMxLCJ0eXBlIjoiQ1VTVE9NRVIiLCJjdXN0b21lcklkIjoxOSwiaWF0IjoxNjU3ODAzNTc1fQ.Y-Azp3kIacL5f4rzey_BtQ9mmVO5BvIq4NZlmpqkCRA',0,NULL),(113,'2022-07-14 13:05:38.626770','2022-07-14 13:10:29.000000',NULL,31,'eyJhbGciOiJIUzI1NiIsInR5cCI6IkpXVCJ9.eyJ1c2VySWQiOjMxLCJ0eXBlIjoiQ1VTVE9NRVIiLCJjdXN0b21lcklkIjoxOSwiaWF0IjoxNjU3ODAzOTM4fQ.6CPzj3IuNioRA96VIra4CdM-4zwUhcU2o84-6b8ornc',0,NULL),(114,'2022-07-14 13:07:08.644630','2022-07-14 15:12:37.000000',NULL,5,'eyJhbGciOiJIUzI1NiIsInR5cCI6IkpXVCJ9.eyJ1c2VySWQiOjUsInR5cGUiOiJQUk9WSURFUiIsInByb3ZpZGVySWQiOjEsImlhdCI6MTY1NzgwNDAyOH0.9BaAdbgmWK6QftzjFoV7lAvxS32voUnZuKgW59JIs-o',0,NULL),(115,'2022-07-14 13:10:29.838337','2022-07-14 13:13:57.000000',NULL,31,'eyJhbGciOiJIUzI1NiIsInR5cCI6IkpXVCJ9.eyJ1c2VySWQiOjMxLCJ0eXBlIjoiQ1VTVE9NRVIiLCJjdXN0b21lcklkIjoxOSwiaWF0IjoxNjU3ODA0MjI5fQ.mqbqJHxPGeOMJ4kFIG1_HO6wGQ9A_t8kLrUanUzMsSw',0,NULL),(116,'2022-07-14 13:13:57.264560','2022-07-14 14:00:13.000000',NULL,31,'eyJhbGciOiJIUzI1NiIsInR5cCI6IkpXVCJ9.eyJ1c2VySWQiOjMxLCJ0eXBlIjoiQ1VTVE9NRVIiLCJjdXN0b21lcklkIjoxOSwiaWF0IjoxNjU3ODA0NDM3fQ.ur3xK6CCvT9Qvxo_yCW-IhqhIbXH2ItqVgx1at9Ia6A',0,NULL),(117,'2022-07-14 13:15:31.612867','2022-07-14 15:32:38.000000',NULL,6,'eyJhbGciOiJIUzI1NiIsInR5cCI6IkpXVCJ9.eyJ1c2VySWQiOjYsInR5cGUiOiJDVVNUT01FUiIsImN1c3RvbWVySWQiOjMsImlhdCI6MTY1NzgwNDUzMX0.rvUL5y9QVJrIuXSYgWZPPyO5Hn5kMvtzu0jciZNn7qM',0,NULL),(118,'2022-07-14 14:00:13.955196','2022-07-14 14:00:14.000000',NULL,31,'eyJhbGciOiJIUzI1NiIsInR5cCI6IkpXVCJ9.eyJ1c2VySWQiOjMxLCJ0eXBlIjoiQ1VTVE9NRVIiLCJjdXN0b21lcklkIjoxOSwiaWF0IjoxNjU3ODA3MjEzfQ.PT-XuPZajz4gkXImBNFDQUA94N6eveOMGX8pxoxJopg',0,NULL),(119,'2022-07-14 14:00:15.002331','2022-07-14 14:01:37.000000',NULL,31,'eyJhbGciOiJIUzI1NiIsInR5cCI6IkpXVCJ9.eyJ1c2VySWQiOjMxLCJ0eXBlIjoiQ1VTVE9NRVIiLCJjdXN0b21lcklkIjoxOSwiaWF0IjoxNjU3ODA3MjE0fQ.fchWfZudSSX2b4BOOdEH741CIIVMfULvfQs9bZ8pGCE',0,NULL),(120,'2022-07-14 14:01:37.734154','2022-07-16 06:50:42.000000',NULL,31,'eyJhbGciOiJIUzI1NiIsInR5cCI6IkpXVCJ9.eyJ1c2VySWQiOjMxLCJ0eXBlIjoiQ1VTVE9NRVIiLCJjdXN0b21lcklkIjoxOSwiaWF0IjoxNjU3ODA3Mjk3fQ.PZcA04cdvy_08ey5HifHWos072NXT0zM3PGR2P89pao',0,NULL),(121,'2022-07-14 14:34:42.109881','2022-07-14 14:42:13.000000',NULL,32,'eyJhbGciOiJIUzI1NiIsInR5cCI6IkpXVCJ9.eyJ1c2VySWQiOjMyLCJ0eXBlIjoiUFJPVklERVIiLCJwcm92aWRlcklkIjo3LCJpYXQiOjE2NTc4MDkyODJ9.6YwSJ40WosFCvlGqggbHX5VHKqJX97Wlhv5iiJ7hN-I',0,NULL),(122,'2022-07-14 14:37:09.260386','2022-07-14 15:26:07.000000',NULL,17,'eyJhbGciOiJIUzI1NiIsInR5cCI6IkpXVCJ9.eyJ1c2VySWQiOjE3LCJ0eXBlIjoiQ1VTVE9NRVIiLCJjdXN0b21lcklkIjoxMSwiaWF0IjoxNjU3ODA5NDI5fQ.3kabBQwdk_4-qcnxANw0uYvsSjmNmZiWP8v2kJSGYIU',0,NULL),(123,'2022-07-14 14:42:13.721257','2022-07-14 14:57:52.000000',NULL,32,'eyJhbGciOiJIUzI1NiIsInR5cCI6IkpXVCJ9.eyJ1c2VySWQiOjMyLCJ0eXBlIjoiUFJPVklERVIiLCJwcm92aWRlcklkIjo3LCJpYXQiOjE2NTc4MDk3MzN9.jlU15Us5VpfPdxaFc0YqCdsRSWU9IbI-DggTCZRMuf4',0,NULL),(124,'2022-07-14 14:53:24.251047','2022-07-16 13:09:16.000000',NULL,18,'eyJhbGciOiJIUzI1NiIsInR5cCI6IkpXVCJ9.eyJ1c2VySWQiOjE4LCJ0eXBlIjoiUFJPVklERVIiLCJwcm92aWRlcklkIjo1LCJpYXQiOjE2NTc4MTA0MDR9.2BFcDJMtp1slbNpMh1Qgo1yNGK4mbka9zW8iCQlncjo',0,NULL),(125,'2022-07-14 14:57:52.715108','2022-07-14 15:14:31.000000',NULL,32,'eyJhbGciOiJIUzI1NiIsInR5cCI6IkpXVCJ9.eyJ1c2VySWQiOjMyLCJ0eXBlIjoiUFJPVklERVIiLCJwcm92aWRlcklkIjo3LCJpYXQiOjE2NTc4MTA2NzJ9.ElYYkzrgB2EqfpX_uj9sPBHB0lejcLf6flvZ2QcBpKY',0,NULL),(126,'2022-07-14 15:00:56.691620','2022-07-14 15:01:38.000000',NULL,33,'eyJhbGciOiJIUzI1NiIsInR5cCI6IkpXVCJ9.eyJ1c2VySWQiOjMzLCJ0eXBlIjoiY3VzdG9tZXIiLCJjdXN0b21lcklkIjoyMCwiaWF0IjoxNjU3ODEwODU2fQ.PYyLKX2xkzK_NJSDZpMNkVSEjxNHWR_j1ZOTyRmhuhY',0,NULL),(127,'2022-07-14 15:01:38.103621','2022-07-14 15:01:38.103621',NULL,33,'eyJhbGciOiJIUzI1NiIsInR5cCI6IkpXVCJ9.eyJ1c2VySWQiOjMzLCJ0eXBlIjoiQ1VTVE9NRVIiLCJjdXN0b21lcklkIjoyMCwiaWF0IjoxNjU3ODEwODk4fQ.ecYdVwJZCkvVTSg8993LD574oEuF2-YJpD8VdaDOk1c',1,NULL),(128,'2022-07-14 15:12:37.025901','2022-07-14 21:54:02.000000',NULL,5,'eyJhbGciOiJIUzI1NiIsInR5cCI6IkpXVCJ9.eyJ1c2VySWQiOjUsInR5cGUiOiJQUk9WSURFUiIsInByb3ZpZGVySWQiOjEsImlhdCI6MTY1NzgxMTU1N30.QegfuTqgdq0KLSDQ83glmzUYmHuo4rKd1kUfzgCRN3g',0,NULL),(129,'2022-07-14 15:14:31.026390','2022-07-14 15:18:40.000000',NULL,32,'eyJhbGciOiJIUzI1NiIsInR5cCI6IkpXVCJ9.eyJ1c2VySWQiOjMyLCJ0eXBlIjoiUFJPVklERVIiLCJwcm92aWRlcklkIjo3LCJpYXQiOjE2NTc4MTE2NzF9.rd9iYNAwcrwvQS5juvX0An5K_dizEARccqWglC6heRY',0,NULL),(130,'2022-07-14 15:18:40.400363','2022-07-14 15:18:41.000000',NULL,32,'eyJhbGciOiJIUzI1NiIsInR5cCI6IkpXVCJ9.eyJ1c2VySWQiOjMyLCJ0eXBlIjoiUFJPVklERVIiLCJwcm92aWRlcklkIjo3LCJpYXQiOjE2NTc4MTE5MjB9.TagTQZ55cvoYKS_U9HzYaQehV4nCJf9wwEuPDO9M2cg',0,NULL),(131,'2022-07-14 15:18:41.290521','2022-07-14 15:19:05.000000',NULL,32,'eyJhbGciOiJIUzI1NiIsInR5cCI6IkpXVCJ9.eyJ1c2VySWQiOjMyLCJ0eXBlIjoiUFJPVklERVIiLCJwcm92aWRlcklkIjo3LCJpYXQiOjE2NTc4MTE5MjF9.pIXpFPIMP-2OYrsNkNh2_OQwUGlS_oh3dfSccAsT_KU',0,NULL),(132,'2022-07-14 15:19:05.118364','2022-07-14 15:19:05.000000',NULL,32,'eyJhbGciOiJIUzI1NiIsInR5cCI6IkpXVCJ9.eyJ1c2VySWQiOjMyLCJ0eXBlIjoiUFJPVklERVIiLCJwcm92aWRlcklkIjo3LCJpYXQiOjE2NTc4MTE5NDV9.HXk-u0Aj8DzLARlYicMZMRlMv00-uZhhtJjC_dwydCs',0,NULL),(133,'2022-07-14 15:19:05.867177','2022-07-14 15:33:18.000000',NULL,32,'eyJhbGciOiJIUzI1NiIsInR5cCI6IkpXVCJ9.eyJ1c2VySWQiOjMyLCJ0eXBlIjoiUFJPVklERVIiLCJwcm92aWRlcklkIjo3LCJpYXQiOjE2NTc4MTE5NDV9.HXk-u0Aj8DzLARlYicMZMRlMv00-uZhhtJjC_dwydCs',0,NULL),(134,'2022-07-14 15:26:07.159067','2022-07-14 15:26:07.159067',NULL,17,'eyJhbGciOiJIUzI1NiIsInR5cCI6IkpXVCJ9.eyJ1c2VySWQiOjE3LCJ0eXBlIjoiQ1VTVE9NRVIiLCJjdXN0b21lcklkIjoxMSwiaWF0IjoxNjU3ODEyMzY3fQ.Uc7MJoOQ_Oip98ksdBkj1JDBCeLAE3vgzoVZEi0VWXw',1,NULL),(135,'2022-07-14 15:32:38.441752','2022-07-14 15:43:32.000000',NULL,6,'eyJhbGciOiJIUzI1NiIsInR5cCI6IkpXVCJ9.eyJ1c2VySWQiOjYsInR5cGUiOiJDVVNUT01FUiIsImN1c3RvbWVySWQiOjMsImlhdCI6MTY1NzgxMjc1OH0.y7gKYx0dVUPSRHbZyFA1jsIaazfENLXDYbWPk0N9wpY',0,NULL),(136,'2022-07-14 15:33:18.612773','2022-07-14 15:57:55.000000',NULL,32,'eyJhbGciOiJIUzI1NiIsInR5cCI6IkpXVCJ9.eyJ1c2VySWQiOjMyLCJ0eXBlIjoiUFJPVklERVIiLCJwcm92aWRlcklkIjo3LCJpYXQiOjE2NTc4MTI3OTh9.EgB5MUKP5Ou9-cBcFxXI5T6vxC_DFqKRCIHIObyKprs',0,NULL),(137,'2022-07-14 15:43:32.035177','2022-07-14 22:02:01.000000',NULL,6,'eyJhbGciOiJIUzI1NiIsInR5cCI6IkpXVCJ9.eyJ1c2VySWQiOjYsInR5cGUiOiJDVVNUT01FUiIsImN1c3RvbWVySWQiOjMsImlhdCI6MTY1NzgxMzQxMn0.NFE4oI1rUlTyr9y2yuO1gIKyQTTzwv0f6O2RqhIJiHg',0,NULL),(138,'2022-07-14 15:57:55.594869','2022-07-14 19:02:27.000000',NULL,32,'eyJhbGciOiJIUzI1NiIsInR5cCI6IkpXVCJ9.eyJ1c2VySWQiOjMyLCJ0eXBlIjoiUFJPVklERVIiLCJwcm92aWRlcklkIjo3LCJpYXQiOjE2NTc4MTQyNzV9._5HgDND2tG4XV9IDDtwrYiT65TIpfF_H2kSR-AvXFik',0,NULL),(139,'2022-07-14 19:02:27.133160','2022-07-15 07:58:22.000000',NULL,32,'eyJhbGciOiJIUzI1NiIsInR5cCI6IkpXVCJ9.eyJ1c2VySWQiOjMyLCJ0eXBlIjoiUFJPVklERVIiLCJwcm92aWRlcklkIjo3LCJpYXQiOjE2NTc4MjUzNDd9.QxBJvBsNgSpr1SXs9TbokcnldYaRIjNgwGcTobPfLPQ',0,NULL),(140,'2022-07-14 19:14:26.075252','2022-07-14 19:14:26.075252',NULL,7,'eyJhbGciOiJIUzI1NiIsInR5cCI6IkpXVCJ9.eyJ1c2VySWQiOjcsInR5cGUiOiJDVVNUT01FUiIsImN1c3RvbWVySWQiOjQsImlhdCI6MTY1NzgyNjA2Nn0.CP1yHfFhDUfeXJ4LbttQH_mwreDJlVQKxa_909o8ElQ',1,NULL),(141,'2022-07-14 21:46:01.370029','2022-07-14 21:46:33.000000',NULL,34,'eyJhbGciOiJIUzI1NiIsInR5cCI6IkpXVCJ9.eyJ1c2VySWQiOjM0LCJ0eXBlIjoiY3VzdG9tZXIiLCJjdXN0b21lcklkIjoyMSwiaWF0IjoxNjU3ODM1MTYxfQ.6QHXMfei6RvFdzF-itl5KVgLxVB9CDG6TRL0wuu4_GQ',0,NULL),(142,'2022-07-14 21:46:33.690940','2022-07-14 21:46:33.690940',NULL,34,'eyJhbGciOiJIUzI1NiIsInR5cCI6IkpXVCJ9.eyJ1c2VySWQiOjM0LCJ0eXBlIjoiQ1VTVE9NRVIiLCJjdXN0b21lcklkIjoyMSwiaWF0IjoxNjU3ODM1MTkzfQ.7tQAoGhefeTVKJy65COOoKIFdJuynZkdcNU7jYY2gT8',1,NULL),(143,'2022-07-14 21:54:02.393316','2022-07-15 17:31:35.000000',NULL,5,'eyJhbGciOiJIUzI1NiIsInR5cCI6IkpXVCJ9.eyJ1c2VySWQiOjUsInR5cGUiOiJQUk9WSURFUiIsInByb3ZpZGVySWQiOjEsImlhdCI6MTY1NzgzNTY0Mn0.j8kobNpSqB8bH96OGHDIU5kk4272qA8SzSFis6wC8Z8',0,NULL),(144,'2022-07-14 22:02:01.523730','2022-07-15 17:32:36.000000',NULL,6,'eyJhbGciOiJIUzI1NiIsInR5cCI6IkpXVCJ9.eyJ1c2VySWQiOjYsInR5cGUiOiJDVVNUT01FUiIsImN1c3RvbWVySWQiOjMsImlhdCI6MTY1NzgzNjEyMX0.H_Mb_NF5lHQVpHU2A0Kit7Li3-g-1ezgAMWlmqzJvTo',0,NULL),(145,'2022-07-15 07:58:22.795895','2022-07-15 14:51:17.000000',NULL,32,'eyJhbGciOiJIUzI1NiIsInR5cCI6IkpXVCJ9.eyJ1c2VySWQiOjMyLCJ0eXBlIjoiUFJPVklERVIiLCJwcm92aWRlcklkIjo3LCJpYXQiOjE2NTc4NzE5MDJ9.88vdYlXEUNnHa3jDs7YiYHAXxY1gw9EYs5QZyPUgM8Y',0,NULL),(146,'2022-07-15 12:17:24.706904','2022-07-15 12:18:11.000000',NULL,35,'eyJhbGciOiJIUzI1NiIsInR5cCI6IkpXVCJ9.eyJ1c2VySWQiOjM1LCJ0eXBlIjoiY3VzdG9tZXIiLCJjdXN0b21lcklkIjoyMiwiaWF0IjoxNjU3ODg3NDQ0fQ.mQK4enZwG2cNNzJ6MCLmLdwe1OL2vgQQYkr0lVCGGQU',0,NULL),(147,'2022-07-15 12:18:11.420956','2022-07-16 13:04:37.000000',NULL,35,'eyJhbGciOiJIUzI1NiIsInR5cCI6IkpXVCJ9.eyJ1c2VySWQiOjM1LCJ0eXBlIjoiQ1VTVE9NRVIiLCJjdXN0b21lcklkIjoyMiwiaWF0IjoxNjU3ODg3NDkxfQ.lrSrd1uhNAM75Oj5Esk4cPY953WbZEanztmfSeFUnwM',0,NULL),(148,'2022-07-15 14:47:41.530424','2022-07-15 14:48:16.000000',NULL,36,'eyJhbGciOiJIUzI1NiIsInR5cCI6IkpXVCJ9.eyJ1c2VySWQiOjM2LCJ0eXBlIjoiY3VzdG9tZXIiLCJjdXN0b21lcklkIjoyMywiaWF0IjoxNjU3ODk2NDYxfQ.0zeyhIpdRVvxzPF9JrUeShl8SqAhis2M7zvxV34tKxc',0,NULL),(149,'2022-07-15 14:48:16.991045','2022-07-15 14:50:19.000000',NULL,36,'eyJhbGciOiJIUzI1NiIsInR5cCI6IkpXVCJ9.eyJ1c2VySWQiOjM2LCJ0eXBlIjoiQ1VTVE9NRVIiLCJjdXN0b21lcklkIjoyMywiaWF0IjoxNjU3ODk2NDk2fQ.Qtcf8sSQ_dL_9eSpk5wS9R9u7xWuFfAPa7yQA3DYCzE',0,NULL),(150,'2022-07-15 14:50:19.638187','2022-07-15 15:20:26.000000',NULL,36,'eyJhbGciOiJIUzI1NiIsInR5cCI6IkpXVCJ9.eyJ1c2VySWQiOjM2LCJ0eXBlIjoiQ1VTVE9NRVIiLCJjdXN0b21lcklkIjoyMywiaWF0IjoxNjU3ODk2NjE5fQ.__96wvJn_QnsGCXF7fsIJIabrLv9CPCSbwcCmssDVlA',0,NULL),(151,'2022-07-15 14:51:17.247777','2022-07-15 15:01:41.000000',NULL,32,'eyJhbGciOiJIUzI1NiIsInR5cCI6IkpXVCJ9.eyJ1c2VySWQiOjMyLCJ0eXBlIjoiUFJPVklERVIiLCJwcm92aWRlcklkIjo3LCJpYXQiOjE2NTc4OTY2Nzd9.jP3ZrrdggCTuFakNSWlngJm9CEf9TnghMKBUCnC0SSs',0,NULL),(152,'2022-07-15 15:01:41.589243','2022-07-15 15:01:41.000000',NULL,32,'eyJhbGciOiJIUzI1NiIsInR5cCI6IkpXVCJ9.eyJ1c2VySWQiOjMyLCJ0eXBlIjoiUFJPVklERVIiLCJwcm92aWRlcklkIjo3LCJpYXQiOjE2NTc4OTczMDF9.phe5AoUqbVXfEn9VMTaCVi3HwbNJobcDme9YznT5wHM',0,NULL),(153,'2022-07-15 15:01:41.865400','2022-07-15 15:01:41.000000',NULL,32,'eyJhbGciOiJIUzI1NiIsInR5cCI6IkpXVCJ9.eyJ1c2VySWQiOjMyLCJ0eXBlIjoiUFJPVklERVIiLCJwcm92aWRlcklkIjo3LCJpYXQiOjE2NTc4OTczMDF9.phe5AoUqbVXfEn9VMTaCVi3HwbNJobcDme9YznT5wHM',0,NULL),(154,'2022-07-15 15:01:42.001940','2022-07-24 04:17:23.000000',NULL,32,'eyJhbGciOiJIUzI1NiIsInR5cCI6IkpXVCJ9.eyJ1c2VySWQiOjMyLCJ0eXBlIjoiUFJPVklERVIiLCJwcm92aWRlcklkIjo3LCJpYXQiOjE2NTc4OTczMDF9.phe5AoUqbVXfEn9VMTaCVi3HwbNJobcDme9YznT5wHM',0,NULL),(155,'2022-07-15 15:20:26.456190','2022-07-21 21:13:08.000000',NULL,36,'eyJhbGciOiJIUzI1NiIsInR5cCI6IkpXVCJ9.eyJ1c2VySWQiOjM2LCJ0eXBlIjoiQ1VTVE9NRVIiLCJjdXN0b21lcklkIjoyMywiaWF0IjoxNjU3ODk4NDI2fQ.0JETSPHfvdapdw4RFtjsMMHRp9s0nXIpHXDiqJrOLL0',0,NULL),(156,'2022-07-15 17:31:35.546874','2022-07-17 15:47:40.000000',NULL,5,'eyJhbGciOiJIUzI1NiIsInR5cCI6IkpXVCJ9.eyJ1c2VySWQiOjUsInR5cGUiOiJQUk9WSURFUiIsInByb3ZpZGVySWQiOjEsImlhdCI6MTY1NzkwNjI5NX0.lOAHIeue4OCg89ZCCIWpGd5Gx9iDOe2SGrXwDw_DEs4',0,NULL),(157,'2022-07-15 17:32:36.695984','2022-07-15 17:38:02.000000',NULL,6,'eyJhbGciOiJIUzI1NiIsInR5cCI6IkpXVCJ9.eyJ1c2VySWQiOjYsInR5cGUiOiJDVVNUT01FUiIsImN1c3RvbWVySWQiOjMsImlhdCI6MTY1NzkwNjM1Nn0.2tE4zFcLMVdbiKK4QLPUTr--sh357MfV7Fy6vw1MXwg',0,NULL),(158,'2022-07-15 17:38:02.751811','2022-07-16 16:05:07.000000',NULL,6,'eyJhbGciOiJIUzI1NiIsInR5cCI6IkpXVCJ9.eyJ1c2VySWQiOjYsInR5cGUiOiJDVVNUT01FUiIsImN1c3RvbWVySWQiOjMsImlhdCI6MTY1NzkwNjY4Mn0.T26-semT5xqWxBkt4OKCqBhv_8fmvA5uHb3iVgwHWVE',0,NULL),(159,'2022-07-16 06:50:42.613390','2022-07-16 06:50:46.000000',NULL,31,'eyJhbGciOiJIUzI1NiIsInR5cCI6IkpXVCJ9.eyJ1c2VySWQiOjMxLCJ0eXBlIjoiQ1VTVE9NRVIiLCJjdXN0b21lcklkIjoxOSwiaWF0IjoxNjU3OTU0MjQyfQ.CXjPNa-_QAtoZtfrc3e6UD8OkNTBrWcA7EKTDy8URA0',0,NULL),(160,'2022-07-16 06:50:46.334440','2022-07-16 06:51:37.000000',NULL,31,'eyJhbGciOiJIUzI1NiIsInR5cCI6IkpXVCJ9.eyJ1c2VySWQiOjMxLCJ0eXBlIjoiQ1VTVE9NRVIiLCJjdXN0b21lcklkIjoxOSwiaWF0IjoxNjU3OTU0MjQ2fQ.FZAft025vnefvDnavGuvCafK4Uq4jVMRMN850xPybok',0,NULL),(161,'2022-07-16 06:51:37.527931','2022-07-16 06:51:37.527931',NULL,31,'eyJhbGciOiJIUzI1NiIsInR5cCI6IkpXVCJ9.eyJ1c2VySWQiOjMxLCJ0eXBlIjoiQ1VTVE9NRVIiLCJjdXN0b21lcklkIjoxOSwiaWF0IjoxNjU3OTU0Mjk3fQ.oOWnnNSOyiMeiN1JXdUpqRtzSniWWzrJz3BuuNGTRpM',1,NULL),(162,'2022-07-16 13:04:37.838533','2022-07-17 15:46:29.000000',NULL,35,'eyJhbGciOiJIUzI1NiIsInR5cCI6IkpXVCJ9.eyJ1c2VySWQiOjM1LCJ0eXBlIjoiQ1VTVE9NRVIiLCJjdXN0b21lcklkIjoyMiwiaWF0IjoxNjU3OTc2Njc3fQ.cJh6mwzmLKcA3EBQ3ypel9YuqFbSt9xbNacj2785UQg',0,NULL),(163,'2022-07-16 13:09:16.995384','2022-07-16 13:09:16.995384',NULL,18,'eyJhbGciOiJIUzI1NiIsInR5cCI6IkpXVCJ9.eyJ1c2VySWQiOjE4LCJ0eXBlIjoiUFJPVklERVIiLCJwcm92aWRlcklkIjo1LCJpYXQiOjE2NTc5NzY5NTZ9.5bhJYBLV8EkGv10c4rNt1SQbfvKTJ-I45KLQ1Er839o',1,NULL),(164,'2022-07-16 16:05:07.934755','2022-07-16 19:40:09.000000',NULL,6,'eyJhbGciOiJIUzI1NiIsInR5cCI6IkpXVCJ9.eyJ1c2VySWQiOjYsInR5cGUiOiJDVVNUT01FUiIsImN1c3RvbWVySWQiOjMsImlhdCI6MTY1Nzk4NzUwN30.hzzl_j4Dov8PnjWbwx4NVXx2o9WYLP9mGX3FW3fVI7Y',0,NULL),(165,'2022-07-16 19:35:27.650107','2022-07-16 19:35:27.650107',NULL,38,'eyJhbGciOiJIUzI1NiIsInR5cCI6IkpXVCJ9.eyJ1c2VySWQiOjM4LCJ0eXBlIjoiUFJPVklERVIiLCJwcm92aWRlcklkIjo5LCJpYXQiOjE2NTgwMDAxMjd9.y7a9wTcdb5u68xdFLYaGPuIAlSbDuk0ssPJMvP_ikXU',1,NULL),(166,'2022-07-16 19:40:09.747571','2022-07-17 05:07:04.000000',NULL,6,'eyJhbGciOiJIUzI1NiIsInR5cCI6IkpXVCJ9.eyJ1c2VySWQiOjYsInR5cGUiOiJDVVNUT01FUiIsImN1c3RvbWVySWQiOjMsImlhdCI6MTY1ODAwMDQwOX0.I1jMK8s8o7trdLWnfUuk60PdhZDMHAW243K_6FkU-xk',0,NULL),(167,'2022-07-17 04:42:29.622270','2022-07-17 05:07:30.000000',NULL,37,'eyJhbGciOiJIUzI1NiIsInR5cCI6IkpXVCJ9.eyJ1c2VySWQiOjM3LCJ0eXBlIjoiUFJPVklERVIiLCJwcm92aWRlcklkIjo4LCJpYXQiOjE2NTgwMzI5NDl9.ck8vMK8bLSIHBEjc3Xz3YDdOLQE8qWgCWa3qGbFYpdY',0,NULL),(168,'2022-07-17 04:59:46.730028','2022-07-17 05:03:26.000000',NULL,11,'eyJhbGciOiJIUzI1NiIsInR5cCI6IkpXVCJ9.eyJ1c2VySWQiOjExLCJ0eXBlIjoiQ1VTVE9NRVIiLCJjdXN0b21lcklkIjo3LCJpYXQiOjE2NTgwMzM5ODZ9.tZWSwizvv6lpJXl8Bet26pkjJbd4aZXOkKhRyAFoE5Y',0,NULL),(169,'2022-07-17 05:03:26.696959','2022-07-17 05:05:45.000000',NULL,11,'eyJhbGciOiJIUzI1NiIsInR5cCI6IkpXVCJ9.eyJ1c2VySWQiOjExLCJ0eXBlIjoiQ1VTVE9NRVIiLCJjdXN0b21lcklkIjo3LCJpYXQiOjE2NTgwMzQyMDZ9._pYQrYuuVvxhPbG_10fNddk4Gq8qotjMUjNIrJquCH8',0,NULL),(170,'2022-07-17 05:05:45.793706','2022-07-17 05:05:45.000000',NULL,11,'eyJhbGciOiJIUzI1NiIsInR5cCI6IkpXVCJ9.eyJ1c2VySWQiOjExLCJ0eXBlIjoiQ1VTVE9NRVIiLCJjdXN0b21lcklkIjo3LCJpYXQiOjE2NTgwMzQzNDV9.BWsxqVheiv18PG00G7q_GXMQSoSbpDYlp15r1xUqSos',0,NULL),(171,'2022-07-17 05:05:45.956407','2022-07-17 05:05:46.000000',NULL,11,'eyJhbGciOiJIUzI1NiIsInR5cCI6IkpXVCJ9.eyJ1c2VySWQiOjExLCJ0eXBlIjoiQ1VTVE9NRVIiLCJjdXN0b21lcklkIjo3LCJpYXQiOjE2NTgwMzQzNDV9.BWsxqVheiv18PG00G7q_GXMQSoSbpDYlp15r1xUqSos',0,NULL),(172,'2022-07-17 05:05:46.192034','2022-07-17 05:05:46.192034',NULL,11,'eyJhbGciOiJIUzI1NiIsInR5cCI6IkpXVCJ9.eyJ1c2VySWQiOjExLCJ0eXBlIjoiQ1VTVE9NRVIiLCJjdXN0b21lcklkIjo3LCJpYXQiOjE2NTgwMzQzNDZ9.P0BvXYf-I2fgfBju5MgpSdtw1Jua91FR2Wr7nqJ-QHA',1,NULL),(173,'2022-07-17 05:07:04.670989','2022-07-17 05:22:39.000000',NULL,6,'eyJhbGciOiJIUzI1NiIsInR5cCI6IkpXVCJ9.eyJ1c2VySWQiOjYsInR5cGUiOiJDVVNUT01FUiIsImN1c3RvbWVySWQiOjMsImlhdCI6MTY1ODAzNDQyNH0.W-aJBXc-zz2Fkm1OO8bhMdeyi6j9Z1tn54JsniCXHQk',0,NULL),(174,'2022-07-17 05:07:30.230750','2022-07-17 05:23:05.000000',NULL,37,'eyJhbGciOiJIUzI1NiIsInR5cCI6IkpXVCJ9.eyJ1c2VySWQiOjM3LCJ0eXBlIjoiUFJPVklERVIiLCJwcm92aWRlcklkIjo4LCJpYXQiOjE2NTgwMzQ0NTB9.RmESMbTHtCDsqT-4KqZpXsuK2-DkZC_vGI3tJvV_zUA',0,NULL),(175,'2022-07-17 05:22:39.761068','2022-07-17 05:46:42.000000',NULL,6,'eyJhbGciOiJIUzI1NiIsInR5cCI6IkpXVCJ9.eyJ1c2VySWQiOjYsInR5cGUiOiJDVVNUT01FUiIsImN1c3RvbWVySWQiOjMsImlhdCI6MTY1ODAzNTM1OX0.V5KVfLC2VvAyCEpD4ADACCtb9zq01Ms4dch1fgnymB4',0,NULL),(176,'2022-07-17 05:23:05.862289','2022-07-17 15:48:29.000000',NULL,37,'eyJhbGciOiJIUzI1NiIsInR5cCI6IkpXVCJ9.eyJ1c2VySWQiOjM3LCJ0eXBlIjoiUFJPVklERVIiLCJwcm92aWRlcklkIjo4LCJpYXQiOjE2NTgwMzUzODV9.O3FkFP3dCU_lhM5xZWUFR8rsxDgCg846MWZEaUMiqIo',0,NULL),(177,'2022-07-17 05:46:42.309181','2022-07-17 20:50:04.000000',NULL,6,'eyJhbGciOiJIUzI1NiIsInR5cCI6IkpXVCJ9.eyJ1c2VySWQiOjYsInR5cGUiOiJDVVNUT01FUiIsImN1c3RvbWVySWQiOjMsImlhdCI6MTY1ODAzNjgwMn0.7B6qayoB0O9N4U6iG5z2_1k2HCMs4P0qWS6be20npbQ',0,NULL),(178,'2022-07-17 15:46:29.727755','2022-07-17 15:46:29.727755',NULL,35,'eyJhbGciOiJIUzI1NiIsInR5cCI6IkpXVCJ9.eyJ1c2VySWQiOjM1LCJ0eXBlIjoiQ1VTVE9NRVIiLCJjdXN0b21lcklkIjoyMiwiaWF0IjoxNjU4MDcyNzg5fQ.DZAWnds3lkA5GjzqGk8cBh52i8lJ1FDRTr7AiXmmxCE',1,NULL),(179,'2022-07-17 15:47:40.379312','2022-07-17 15:47:40.379312',NULL,5,'eyJhbGciOiJIUzI1NiIsInR5cCI6IkpXVCJ9.eyJ1c2VySWQiOjUsInR5cGUiOiJQUk9WSURFUiIsInByb3ZpZGVySWQiOjEsImlhdCI6MTY1ODA3Mjg2MH0.ESkhn212HdF2jZyFh9Ld0GNvFSq8h8iz90Ljxbc6jUk',1,NULL),(180,'2022-07-17 15:48:29.635826','2022-07-19 17:33:14.000000',NULL,37,'eyJhbGciOiJIUzI1NiIsInR5cCI6IkpXVCJ9.eyJ1c2VySWQiOjM3LCJ0eXBlIjoiUFJPVklERVIiLCJwcm92aWRlcklkIjo4LCJpYXQiOjE2NTgwNzI5MDl9.DZ4i5p691YW6Fwvb7L707XYyzrojLxPrYAPFpRIN8UM',0,NULL),(181,'2022-07-17 20:50:04.331899','2022-07-19 21:24:15.000000',NULL,6,'eyJhbGciOiJIUzI1NiIsInR5cCI6IkpXVCJ9.eyJ1c2VySWQiOjYsInR5cGUiOiJDVVNUT01FUiIsImN1c3RvbWVySWQiOjMsImlhdCI6MTY1ODA5MTAwNH0.GeefSdhl75I7vglT8tTYweUFxJ-LgOdTiZsNJ2ldWWc',0,NULL),(182,'2022-07-19 09:28:05.677065','2022-07-19 12:25:24.000000',NULL,1,'eyJhbGciOiJIUzI1NiIsInR5cCI6IkpXVCJ9.eyJ1c2VySWQiOjEsInR5cGUiOiJBRE1JTiIsImlhdCI6MTY1ODIyMjg4NX0.PwF-o18QExzi0uh9uNUnpnNPYeQJX4dG4Mqlt3Oj8Jc',0,NULL),(183,'2022-07-19 12:25:24.636452','2022-07-19 12:29:10.000000',NULL,1,'eyJhbGciOiJIUzI1NiIsInR5cCI6IkpXVCJ9.eyJ1c2VySWQiOjEsInR5cGUiOiJBRE1JTiIsImlhdCI6MTY1ODIzMzUyNH0.u-hS0A7uT4CUOk8k0XbjTgcewcrHa6CJL3bxznVrHUo',0,NULL),(184,'2022-07-19 12:29:10.458189','2022-07-19 12:41:16.000000',NULL,1,'eyJhbGciOiJIUzI1NiIsInR5cCI6IkpXVCJ9.eyJ1c2VySWQiOjEsInR5cGUiOiJBRE1JTiIsImlhdCI6MTY1ODIzMzc1MH0.-WLHM803PUzyLxARaCDr-hyvzucBHH8f6LdCOTg57uI',0,NULL),(185,'2022-07-19 12:41:16.482014','2022-07-19 17:28:41.000000',NULL,1,'eyJhbGciOiJIUzI1NiIsInR5cCI6IkpXVCJ9.eyJ1c2VySWQiOjEsInR5cGUiOiJBRE1JTiIsImlhdCI6MTY1ODIzNDQ3Nn0.0-dU8QH5ZfnLZaO_SljDz4kbFRpB9OjTovsNXTM-JH8',0,NULL),(186,'2022-07-19 17:28:41.379846','2022-07-19 17:29:36.000000',NULL,1,'eyJhbGciOiJIUzI1NiIsInR5cCI6IkpXVCJ9.eyJ1c2VySWQiOjEsInR5cGUiOiJBRE1JTiIsImlhdCI6MTY1ODI1MTcyMX0.TAXiNX_Z1AtDZQqJrD7lWC-kUoqpJbPMJ6P2CRe5OG0',0,NULL),(187,'2022-07-19 17:29:36.136668','2022-07-19 22:17:08.000000',NULL,1,'eyJhbGciOiJIUzI1NiIsInR5cCI6IkpXVCJ9.eyJ1c2VySWQiOjEsInR5cGUiOiJBRE1JTiIsImlhdCI6MTY1ODI1MTc3Nn0.5Xlqs-3ONc4edqp0xek9uQbEyAXEos9G7S0Ch-R3CkY',0,NULL),(188,'2022-07-19 17:33:14.321243','2022-07-19 20:36:02.000000',NULL,37,'eyJhbGciOiJIUzI1NiIsInR5cCI6IkpXVCJ9.eyJ1c2VySWQiOjM3LCJ0eXBlIjoiUFJPVklERVIiLCJwcm92aWRlcklkIjo4LCJpYXQiOjE2NTgyNTE5OTR9.9MmGJAo1qMRiFptyeVgNmbD_YJwYc7U83QC7u7syO7E',0,NULL),(189,'2022-07-19 19:45:56.534809','2022-07-19 19:48:28.000000',NULL,41,'eyJhbGciOiJIUzI1NiIsInR5cCI6IkpXVCJ9.eyJ1c2VySWQiOjQxLCJ0eXBlIjoiY3VzdG9tZXIiLCJjdXN0b21lcklkIjoyNCwiaWF0IjoxNjU4MjU5OTU2fQ.3hW-aCqoP4vz9Lr0kSOtF8mcAB7bL0PZ1rCS2niufsI',0,NULL),(190,'2022-07-19 19:48:28.338707','2022-07-19 20:39:45.000000',NULL,41,'eyJhbGciOiJIUzI1NiIsInR5cCI6IkpXVCJ9.eyJ1c2VySWQiOjQxLCJ0eXBlIjoiQ1VTVE9NRVIiLCJjdXN0b21lcklkIjoyNCwiaWF0IjoxNjU4MjYwMTA4fQ.F0ZQJF9CUrCOFaYcvutV8GJjinsXQr585zUN7I8cxOI',0,NULL),(191,'2022-07-19 20:36:02.908456','2022-07-19 21:26:17.000000',NULL,37,'eyJhbGciOiJIUzI1NiIsInR5cCI6IkpXVCJ9.eyJ1c2VySWQiOjM3LCJ0eXBlIjoiUFJPVklERVIiLCJwcm92aWRlcklkIjo4LCJpYXQiOjE2NTgyNjI5NjJ9.uhxgQyBveQqAExvk2qvCXuIdbl3dyXcotwxOvUgs7Rg',0,NULL),(192,'2022-07-19 20:39:45.391168','2022-07-20 05:32:21.000000',NULL,41,'eyJhbGciOiJIUzI1NiIsInR5cCI6IkpXVCJ9.eyJ1c2VySWQiOjQxLCJ0eXBlIjoiQ1VTVE9NRVIiLCJjdXN0b21lcklkIjoyNCwiaWF0IjoxNjU4MjYzMTg1fQ.MwN_dJcp_7h8ub4OUWIlG-NQzQ4vqH_cnOBP2Y7T3es',0,NULL),(193,'2022-07-19 21:24:15.769369','2022-07-20 01:25:22.000000',NULL,6,'eyJhbGciOiJIUzI1NiIsInR5cCI6IkpXVCJ9.eyJ1c2VySWQiOjYsInR5cGUiOiJDVVNUT01FUiIsImN1c3RvbWVySWQiOjMsImlhdCI6MTY1ODI2NTg1NX0._FkTZ-O0W5T9Dy8Gy3rxwbGFHncNvPhvMLHRRRvl67Q',0,NULL),(194,'2022-07-19 21:26:17.192583','2022-07-21 07:05:09.000000',NULL,37,'eyJhbGciOiJIUzI1NiIsInR5cCI6IkpXVCJ9.eyJ1c2VySWQiOjM3LCJ0eXBlIjoiUFJPVklERVIiLCJwcm92aWRlcklkIjo4LCJpYXQiOjE2NTgyNjU5Nzd9.spSXhh5aZcg1DinCfDc0_kEVuZYkCagu1sNsCyj59f4',0,NULL),(195,'2022-07-19 22:17:08.214666','2022-07-20 05:54:13.000000',NULL,1,'eyJhbGciOiJIUzI1NiIsInR5cCI6IkpXVCJ9.eyJ1c2VySWQiOjEsInR5cGUiOiJBRE1JTiIsImlhdCI6MTY1ODI2OTAyOH0.9BPzI9tMfpGehlWQHGuJV08XCcX4AxBBIkPyHJ2AsRM',0,NULL),(196,'2022-07-20 01:25:22.401376','2022-07-20 07:25:28.000000',NULL,6,'eyJhbGciOiJIUzI1NiIsInR5cCI6IkpXVCJ9.eyJ1c2VySWQiOjYsInR5cGUiOiJDVVNUT01FUiIsImN1c3RvbWVySWQiOjMsImlhdCI6MTY1ODI4MDMyMn0.QV6OoPB6dmIuFojrhqC1BfDHeE5yDVN6sltPMj_7Z34',0,NULL),(197,'2022-07-20 05:32:21.368644','2022-07-20 05:57:18.000000',NULL,41,'eyJhbGciOiJIUzI1NiIsInR5cCI6IkpXVCJ9.eyJ1c2VySWQiOjQxLCJ0eXBlIjoiQ1VTVE9NRVIiLCJjdXN0b21lcklkIjoyNCwiaWF0IjoxNjU4Mjk1MTQxfQ.o26owRJpTU-eIDImUWwLbH9FxzwepF5SgQcjRrNn7RQ',0,NULL),(198,'2022-07-20 05:54:13.219717','2022-07-20 17:44:53.000000',NULL,1,'eyJhbGciOiJIUzI1NiIsInR5cCI6IkpXVCJ9.eyJ1c2VySWQiOjEsInR5cGUiOiJBRE1JTiIsImlhdCI6MTY1ODI5NjQ1M30.TTp7Tcak2ffTUUq7qILSzCqTLDLqzeLHxCv0ElICNwM',0,NULL),(199,'2022-07-20 05:54:23.329510','2022-07-20 10:18:54.000000',NULL,42,'eyJhbGciOiJIUzI1NiIsInR5cCI6IkpXVCJ9.eyJ1c2VySWQiOjQyLCJ0eXBlIjoiUFJPVklERVIiLCJwcm92aWRlcklkIjoxMCwiaWF0IjoxNjU4Mjk2NDYzfQ.swoHQeVCjbrun5kqI1sfPgr9-wWe4NTG4lqsRywjcx0',0,NULL),(200,'2022-07-20 05:57:18.864411','2022-07-20 06:08:46.000000',NULL,41,'eyJhbGciOiJIUzI1NiIsInR5cCI6IkpXVCJ9.eyJ1c2VySWQiOjQxLCJ0eXBlIjoiQ1VTVE9NRVIiLCJjdXN0b21lcklkIjoyNCwiaWF0IjoxNjU4Mjk2NjM4fQ.eEp4hL5LS1OCFkLrpCGSLufwdO9gmFx_KILa3QugVjM',0,NULL),(201,'2022-07-20 06:08:46.571903','2022-07-20 10:12:50.000000',NULL,41,'eyJhbGciOiJIUzI1NiIsInR5cCI6IkpXVCJ9.eyJ1c2VySWQiOjQxLCJ0eXBlIjoiQ1VTVE9NRVIiLCJjdXN0b21lcklkIjoyNCwiaWF0IjoxNjU4Mjk3MzI2fQ.zYGH21uMeukENxSyPPS-Vw-FZhiRyDG5Qgp0gShlrtc',0,NULL),(202,'2022-07-20 07:25:28.804709','2022-07-20 12:19:35.000000',NULL,6,'eyJhbGciOiJIUzI1NiIsInR5cCI6IkpXVCJ9.eyJ1c2VySWQiOjYsInR5cGUiOiJDVVNUT01FUiIsImN1c3RvbWVySWQiOjMsImlhdCI6MTY1ODMwMTkyOH0.20vyYvCye1umTRz7dAfHqGfuFUifs78qeA_LM45D_AU',0,NULL),(203,'2022-07-20 10:12:50.693920','2022-07-20 10:12:51.000000',NULL,41,'eyJhbGciOiJIUzI1NiIsInR5cCI6IkpXVCJ9.eyJ1c2VySWQiOjQxLCJ0eXBlIjoiQ1VTVE9NRVIiLCJjdXN0b21lcklkIjoyNCwiaWF0IjoxNjU4MzExOTcwfQ.nfLBHJLoqVcw2PAReF28Latm6telEndr_ceW_rHR66k',0,NULL),(204,'2022-07-20 10:12:51.069051','2022-07-20 10:13:21.000000',NULL,41,'eyJhbGciOiJIUzI1NiIsInR5cCI6IkpXVCJ9.eyJ1c2VySWQiOjQxLCJ0eXBlIjoiQ1VTVE9NRVIiLCJjdXN0b21lcklkIjoyNCwiaWF0IjoxNjU4MzExOTcxfQ.NSbRUzK-Zlx08h8sqbxGF9A0Iv6kDLdIHvFoVFrY5e0',0,NULL),(205,'2022-07-20 10:13:21.039294','2022-07-20 10:13:21.039294',NULL,41,'eyJhbGciOiJIUzI1NiIsInR5cCI6IkpXVCJ9.eyJ1c2VySWQiOjQxLCJ0eXBlIjoiQ1VTVE9NRVIiLCJjdXN0b21lcklkIjoyNCwiaWF0IjoxNjU4MzEyMDAxfQ.8UClbikyg1Iqro-dXwpWGcNShvxsl4tc7NykDMiYRFM',1,NULL),(206,'2022-07-20 10:18:54.361097','2022-07-20 10:18:54.361097',NULL,42,'eyJhbGciOiJIUzI1NiIsInR5cCI6IkpXVCJ9.eyJ1c2VySWQiOjQyLCJ0eXBlIjoiUFJPVklERVIiLCJwcm92aWRlcklkIjoxMCwiaWF0IjoxNjU4MzEyMzM0fQ.aCjThRb39pYPaEbw_XaAuz0O0RRAW-kOPRzMDRP-Ty4',1,NULL),(207,'2022-07-20 12:19:35.863839','2022-07-20 12:19:40.000000',NULL,6,'eyJhbGciOiJIUzI1NiIsInR5cCI6IkpXVCJ9.eyJ1c2VySWQiOjYsInR5cGUiOiJDVVNUT01FUiIsImN1c3RvbWVySWQiOjMsImlhdCI6MTY1ODMxOTU3NX0.TAA_55fHCkySsPdTxLQc8pwiUihGCGqzyn1LSK4N2b0',0,NULL),(208,'2022-07-20 12:19:40.886409','2022-07-20 12:19:54.000000',NULL,6,'eyJhbGciOiJIUzI1NiIsInR5cCI6IkpXVCJ9.eyJ1c2VySWQiOjYsInR5cGUiOiJDVVNUT01FUiIsImN1c3RvbWVySWQiOjMsImlhdCI6MTY1ODMxOTU4MH0.RRKFLA0vabAHjGLh8VUo12Fdr3v7oYCxw19dP4wAQUY',0,NULL),(209,'2022-07-20 12:19:54.022924','2022-07-20 19:15:11.000000',NULL,6,'eyJhbGciOiJIUzI1NiIsInR5cCI6IkpXVCJ9.eyJ1c2VySWQiOjYsInR5cGUiOiJDVVNUT01FUiIsImN1c3RvbWVySWQiOjMsImlhdCI6MTY1ODMxOTU5NH0.DPe8qYP48WPQhj2ObudXKRUnBDy75uKpOt04vibHUjs',0,NULL),(210,'2022-07-20 17:04:42.045085','2022-07-20 17:26:04.000000',NULL,45,'eyJhbGciOiJIUzI1NiIsInR5cCI6IkpXVCJ9.eyJ1c2VySWQiOjQ1LCJ0eXBlIjoiUFJPVklERVIiLCJwcm92aWRlcklkIjoxMiwiaWF0IjoxNjU4MzM2NjgyfQ.UcJDBQyMw6yikybtX9EsTUZ1dl9gpOUs09C2qvr4gVI',0,NULL),(211,'2022-07-20 17:26:04.842960','2022-07-20 17:57:47.000000',NULL,45,'eyJhbGciOiJIUzI1NiIsInR5cCI6IkpXVCJ9.eyJ1c2VySWQiOjQ1LCJ0eXBlIjoiUFJPVklERVIiLCJwcm92aWRlcklkIjoxMiwiaWF0IjoxNjU4MzM3OTY0fQ.TftA3Vy2ORHZJgIYyVdQ705GpTf_hjyFCPx8Po-ixEo',0,NULL),(212,'2022-07-20 17:44:53.149845','2022-07-21 08:17:16.000000',NULL,1,'eyJhbGciOiJIUzI1NiIsInR5cCI6IkpXVCJ9.eyJ1c2VySWQiOjEsInR5cGUiOiJBRE1JTiIsImlhdCI6MTY1ODMzOTA5M30.rHSyH_tLQFL7RiXxZL2If-PvnIB0g4hJP15WrrzLL9Y',0,NULL),(213,'2022-07-20 17:57:47.432714','2022-07-21 09:23:13.000000',NULL,45,'eyJhbGciOiJIUzI1NiIsInR5cCI6IkpXVCJ9.eyJ1c2VySWQiOjQ1LCJ0eXBlIjoiUFJPVklERVIiLCJwcm92aWRlcklkIjoxMiwiaWF0IjoxNjU4MzM5ODY3fQ.GGHerRsDJbDeewGVd-yox3fWGw50ceXBG1gY-fNy09I',0,NULL),(214,'2022-07-20 18:06:09.996278','2022-07-20 18:06:09.996278',NULL,4,'eyJhbGciOiJIUzI1NiIsInR5cCI6IkpXVCJ9.eyJ1c2VySWQiOjQsInR5cGUiOiJDVVNUT01FUiIsImN1c3RvbWVySWQiOjIsImlhdCI6MTY1ODM0MDM2OX0.TxjpeOLBmmm_IPx_W7t_7iY9JdiCfQF3jswqP6wbxL8',1,NULL),(215,'2022-07-20 19:15:11.026843','2022-07-20 19:56:41.000000',NULL,6,'eyJhbGciOiJIUzI1NiIsInR5cCI6IkpXVCJ9.eyJ1c2VySWQiOjYsInR5cGUiOiJDVVNUT01FUiIsImN1c3RvbWVySWQiOjMsImlhdCI6MTY1ODM0NDUxMX0.4jRhRC_1TkOEo2p2eT5wj7QV9uVfpZJCSWGos9_-hQQ',0,NULL),(216,'2022-07-20 19:56:41.202072','2022-07-20 20:02:28.000000',NULL,6,'eyJhbGciOiJIUzI1NiIsInR5cCI6IkpXVCJ9.eyJ1c2VySWQiOjYsInR5cGUiOiJDVVNUT01FUiIsImN1c3RvbWVySWQiOjMsImlhdCI6MTY1ODM0NzAwMX0.14P4dFdYDN0EaaBmkXUoHi4UD6zUx9yhlYVe6Qdeuss',0,NULL),(217,'2022-07-20 20:02:28.560653','2022-07-21 07:05:48.000000',NULL,6,'eyJhbGciOiJIUzI1NiIsInR5cCI6IkpXVCJ9.eyJ1c2VySWQiOjYsInR5cGUiOiJDVVNUT01FUiIsImN1c3RvbWVySWQiOjMsImlhdCI6MTY1ODM0NzM0OH0.GkPSMDP34oYMsrg6rHiZX0nKcQGlQiwickdOwAsDR40',0,NULL),(218,'2022-07-21 07:05:09.743938','2022-07-21 07:05:12.000000',NULL,37,'eyJhbGciOiJIUzI1NiIsInR5cCI6IkpXVCJ9.eyJ1c2VySWQiOjM3LCJ0eXBlIjoiUFJPVklERVIiLCJwcm92aWRlcklkIjo4LCJpYXQiOjE2NTgzODcxMDl9.a7Z6J7s-YUpi6pMHc1vRZEIWGxeyj7scUJTjhhbtfhQ',0,NULL),(219,'2022-07-21 07:05:12.140164','2022-07-21 07:05:28.000000',NULL,37,'eyJhbGciOiJIUzI1NiIsInR5cCI6IkpXVCJ9.eyJ1c2VySWQiOjM3LCJ0eXBlIjoiUFJPVklERVIiLCJwcm92aWRlcklkIjo4LCJpYXQiOjE2NTgzODcxMTJ9.VafZZyziiJU_BZWoDEeDnkH2rt72olqTzDUQG8Flxp0',0,NULL),(220,'2022-07-21 07:05:28.135268','2022-07-21 07:22:15.000000',NULL,37,'eyJhbGciOiJIUzI1NiIsInR5cCI6IkpXVCJ9.eyJ1c2VySWQiOjM3LCJ0eXBlIjoiUFJPVklERVIiLCJwcm92aWRlcklkIjo4LCJpYXQiOjE2NTgzODcxMjh9.UGkKtDsOUDiavn2RT5XGbxmKM6w7HyIUt8mpSx63IJo',0,NULL),(221,'2022-07-21 07:05:48.417596','2022-07-21 07:22:39.000000',NULL,6,'eyJhbGciOiJIUzI1NiIsInR5cCI6IkpXVCJ9.eyJ1c2VySWQiOjYsInR5cGUiOiJDVVNUT01FUiIsImN1c3RvbWVySWQiOjMsImlhdCI6MTY1ODM4NzE0OH0.hy1MeckU1FuBw5ZtIJQlurdwbCUuLmDJEz8n-1fgu3s',0,NULL),(222,'2022-07-21 07:22:15.370939','2022-07-21 12:23:08.000000',NULL,37,'eyJhbGciOiJIUzI1NiIsInR5cCI6IkpXVCJ9.eyJ1c2VySWQiOjM3LCJ0eXBlIjoiUFJPVklERVIiLCJwcm92aWRlcklkIjo4LCJpYXQiOjE2NTgzODgxMzV9.3XkkJE-vJNuCufkWn1DqnDR3_uZ5aZgyiGFYCyFOU2w',0,NULL),(223,'2022-07-21 07:22:39.564970','2022-07-21 10:03:47.000000',NULL,6,'eyJhbGciOiJIUzI1NiIsInR5cCI6IkpXVCJ9.eyJ1c2VySWQiOjYsInR5cGUiOiJDVVNUT01FUiIsImN1c3RvbWVySWQiOjMsImlhdCI6MTY1ODM4ODE1OX0.0s9zgQHLxlHtABUOdkN5s-RxNo5EEeRNwce5Yd6pF-k',0,NULL),(224,'2022-07-21 08:17:16.689679','2022-07-21 08:44:10.000000',NULL,1,'eyJhbGciOiJIUzI1NiIsInR5cCI6IkpXVCJ9.eyJ1c2VySWQiOjEsInR5cGUiOiJBRE1JTiIsImlhdCI6MTY1ODM5MTQzNn0.JEgM6sybaB2g0-k2Qqt_JQ68S8Tkca5XACRYVvFMpks',0,NULL),(225,'2022-07-21 08:43:33.163443','2022-07-21 08:45:17.000000',NULL,15,'eyJhbGciOiJIUzI1NiIsInR5cCI6IkpXVCJ9.eyJ1c2VySWQiOjE1LCJ0eXBlIjoiQ1VTVE9NRVIiLCJjdXN0b21lcklkIjoxMCwiaWF0IjoxNjU4MzkzMDEzfQ.wxgVE_vQAWfwWqg3UCjqcL2aRFmApv3d4DgtZEtM4z0',0,NULL),(226,'2022-07-21 08:44:10.641087','2022-07-21 12:51:08.000000',NULL,1,'eyJhbGciOiJIUzI1NiIsInR5cCI6IkpXVCJ9.eyJ1c2VySWQiOjEsInR5cGUiOiJBRE1JTiIsImlhdCI6MTY1ODM5MzA1MH0.77Mppzf2fTrABoXCNE8cPg-od3Ob5WRvwhiMJ6aHB8E',0,NULL),(227,'2022-07-21 08:45:17.644433','2022-07-21 08:45:17.644433',NULL,15,'eyJhbGciOiJIUzI1NiIsInR5cCI6IkpXVCJ9.eyJ1c2VySWQiOjE1LCJ0eXBlIjoiQ1VTVE9NRVIiLCJjdXN0b21lcklkIjoxMCwiaWF0IjoxNjU4MzkzMTE3fQ.-i2ixErSwjh5YL2bB5sTCvWNX4fg_SnuDe0TKgm3ylc',1,NULL),(228,'2022-07-21 09:23:13.668477','2022-07-21 09:34:29.000000',NULL,45,'eyJhbGciOiJIUzI1NiIsInR5cCI6IkpXVCJ9.eyJ1c2VySWQiOjQ1LCJ0eXBlIjoiUFJPVklERVIiLCJwcm92aWRlcklkIjoxMiwiaWF0IjoxNjU4Mzk1MzkzfQ.CUjlBqI58fXZeun43axcr8yqxg4R_1_gMyQGD2YJvxw',0,NULL),(229,'2022-07-21 09:34:29.961865','2022-07-21 09:37:02.000000',NULL,45,'eyJhbGciOiJIUzI1NiIsInR5cCI6IkpXVCJ9.eyJ1c2VySWQiOjQ1LCJ0eXBlIjoiUFJPVklERVIiLCJwcm92aWRlcklkIjoxMiwiaWF0IjoxNjU4Mzk2MDY5fQ.WaEOvJb9GhuUJho2ZAkTLNRHqq0HvsDpNAglrLCWedk',0,NULL),(230,'2022-07-21 09:37:02.372807','2022-07-21 09:42:32.000000',NULL,45,'eyJhbGciOiJIUzI1NiIsInR5cCI6IkpXVCJ9.eyJ1c2VySWQiOjQ1LCJ0eXBlIjoiUFJPVklERVIiLCJwcm92aWRlcklkIjoxMiwiaWF0IjoxNjU4Mzk2MjIyfQ.M3-8aNLUNITpmC6c06Pqt5-qN9T0x4rhK0h8P6F_r8o',0,NULL),(231,'2022-07-21 09:42:32.837822','2022-07-21 09:51:54.000000',NULL,45,'eyJhbGciOiJIUzI1NiIsInR5cCI6IkpXVCJ9.eyJ1c2VySWQiOjQ1LCJ0eXBlIjoiUFJPVklERVIiLCJwcm92aWRlcklkIjoxMiwiaWF0IjoxNjU4Mzk2NTUyfQ.kKGVhKLhRZKEQ6wDtj-0fnVFQ9Rzs5TKW-8xoaP6T-0',0,NULL),(232,'2022-07-21 09:51:54.681210','2022-07-21 09:55:05.000000',NULL,45,'eyJhbGciOiJIUzI1NiIsInR5cCI6IkpXVCJ9.eyJ1c2VySWQiOjQ1LCJ0eXBlIjoiUFJPVklERVIiLCJwcm92aWRlcklkIjoxMiwiaWF0IjoxNjU4Mzk3MTE0fQ.jqK0q-NSqgmAEADIyRR8keTyZB7BjAyvjb2fK2AWfOU',0,NULL),(233,'2022-07-21 09:55:05.884432','2022-07-21 17:15:57.000000',NULL,45,'eyJhbGciOiJIUzI1NiIsInR5cCI6IkpXVCJ9.eyJ1c2VySWQiOjQ1LCJ0eXBlIjoiUFJPVklERVIiLCJwcm92aWRlcklkIjoxMiwiaWF0IjoxNjU4Mzk3MzA1fQ.ZyURBUhEoNpOZMLV2jM5GQdxFnbKc_Szm3dMyZ33e2c',0,NULL),(234,'2022-07-21 10:03:47.657958','2022-07-21 11:07:35.000000',NULL,6,'eyJhbGciOiJIUzI1NiIsInR5cCI6IkpXVCJ9.eyJ1c2VySWQiOjYsInR5cGUiOiJDVVNUT01FUiIsImN1c3RvbWVySWQiOjMsImlhdCI6MTY1ODM5NzgyN30.gNaNb1_F4ihWyODX2vbyydW2Zpnh0LzYzUROzwiDL8A',0,NULL),(235,'2022-07-21 11:07:35.458944','2022-07-21 11:11:59.000000',NULL,6,'eyJhbGciOiJIUzI1NiIsInR5cCI6IkpXVCJ9.eyJ1c2VySWQiOjYsInR5cGUiOiJDVVNUT01FUiIsImN1c3RvbWVySWQiOjMsImlhdCI6MTY1ODQwMTY1NX0.3CDJTsyv_jaMyY1aCqUomTRTjvgKAY5bEdZnqIlrdzI',0,NULL),(236,'2022-07-21 11:11:59.802444','2022-07-21 11:18:53.000000',NULL,6,'eyJhbGciOiJIUzI1NiIsInR5cCI6IkpXVCJ9.eyJ1c2VySWQiOjYsInR5cGUiOiJDVVNUT01FUiIsImN1c3RvbWVySWQiOjMsImlhdCI6MTY1ODQwMTkxOX0.XXkLTJjD10Hd5T0hGe3FKrrkt_pwewnnqUWoO5RAnUI',0,NULL),(237,'2022-07-21 11:18:53.279030','2022-07-21 11:19:55.000000',NULL,6,'eyJhbGciOiJIUzI1NiIsInR5cCI6IkpXVCJ9.eyJ1c2VySWQiOjYsInR5cGUiOiJDVVNUT01FUiIsImN1c3RvbWVySWQiOjMsImlhdCI6MTY1ODQwMjMzM30.ezfGCh0UwgdN13MA1l9E63q1DBpqoizRUkdbQAEsPIs',0,NULL),(238,'2022-07-21 11:19:55.902185','2022-07-21 11:21:55.000000',NULL,6,'eyJhbGciOiJIUzI1NiIsInR5cCI6IkpXVCJ9.eyJ1c2VySWQiOjYsInR5cGUiOiJDVVNUT01FUiIsImN1c3RvbWVySWQiOjMsImlhdCI6MTY1ODQwMjM5NX0.yYhQM3Tkx3WLWLzjiZb8ZzREYAhPOSprEAUdsQC5S-k',0,NULL),(239,'2022-07-21 11:21:55.694441','2022-07-21 11:45:48.000000',NULL,6,'eyJhbGciOiJIUzI1NiIsInR5cCI6IkpXVCJ9.eyJ1c2VySWQiOjYsInR5cGUiOiJDVVNUT01FUiIsImN1c3RvbWVySWQiOjMsImlhdCI6MTY1ODQwMjUxNX0._2sFri69mvdZC-LS2es_JeNfr4DwNhQUaH8kOxR7TjQ',0,NULL),(240,'2022-07-21 11:45:48.623452','2022-07-21 11:50:11.000000',NULL,6,'eyJhbGciOiJIUzI1NiIsInR5cCI6IkpXVCJ9.eyJ1c2VySWQiOjYsInR5cGUiOiJDVVNUT01FUiIsImN1c3RvbWVySWQiOjMsImlhdCI6MTY1ODQwMzk0OH0.MOf-WKGjT72w8uxP-a_pcU-mrA_ozZhcVU--jLuda2I',0,NULL),(241,'2022-07-21 11:50:11.163635','2022-07-21 12:14:44.000000',NULL,6,'eyJhbGciOiJIUzI1NiIsInR5cCI6IkpXVCJ9.eyJ1c2VySWQiOjYsInR5cGUiOiJDVVNUT01FUiIsImN1c3RvbWVySWQiOjMsImlhdCI6MTY1ODQwNDIxMX0.VFxqMRwcMtRAP4StsrZZc4ns4P5fZloynh7K9CjllvU',0,NULL),(242,'2022-07-21 12:14:44.077418','2022-07-21 12:20:53.000000',NULL,6,'eyJhbGciOiJIUzI1NiIsInR5cCI6IkpXVCJ9.eyJ1c2VySWQiOjYsInR5cGUiOiJDVVNUT01FUiIsImN1c3RvbWVySWQiOjMsImlhdCI6MTY1ODQwNTY4NH0.PgvVlvYkWfFAE8Q9UjUC2qdYEbbfADoEbMs67B83u0o',0,NULL),(243,'2022-07-21 12:20:53.383481','2022-07-21 15:24:56.000000',NULL,6,'eyJhbGciOiJIUzI1NiIsInR5cCI6IkpXVCJ9.eyJ1c2VySWQiOjYsInR5cGUiOiJDVVNUT01FUiIsImN1c3RvbWVySWQiOjMsImlhdCI6MTY1ODQwNjA1M30.Kz1QlfNxit66aebk2RUu5M8-Nvk4vuB0Fu-iHA7o-jI',0,NULL),(244,'2022-07-21 12:23:08.807918','2022-07-21 12:56:29.000000',NULL,37,'eyJhbGciOiJIUzI1NiIsInR5cCI6IkpXVCJ9.eyJ1c2VySWQiOjM3LCJ0eXBlIjoiUFJPVklERVIiLCJwcm92aWRlcklkIjo4LCJpYXQiOjE2NTg0MDYxODh9.29M7UchNmU5fXaItyfH-ytFUrI0Bw-cXmQHdHW7JboQ',0,NULL),(245,'2022-07-21 12:51:08.053297','2022-07-22 16:45:22.000000',NULL,1,'eyJhbGciOiJIUzI1NiIsInR5cCI6IkpXVCJ9.eyJ1c2VySWQiOjEsInR5cGUiOiJBRE1JTiIsImlhdCI6MTY1ODQwNzg2OH0.RprUYAbt9-P28pcFfBOM1naKGLs1-_yBwnhGG3UlUDM',0,NULL),(246,'2022-07-21 12:56:29.535229','2022-07-21 19:27:59.000000',NULL,37,'eyJhbGciOiJIUzI1NiIsInR5cCI6IkpXVCJ9.eyJ1c2VySWQiOjM3LCJ0eXBlIjoiUFJPVklERVIiLCJwcm92aWRlcklkIjo4LCJpYXQiOjE2NTg0MDgxODl9.xGDyF_1lBomsD-dHB8qE8vwlHO-tgYDtRilaBZINkkE',0,NULL),(247,'2022-07-21 15:24:56.099716','2022-07-21 17:01:04.000000',NULL,6,'eyJhbGciOiJIUzI1NiIsInR5cCI6IkpXVCJ9.eyJ1c2VySWQiOjYsInR5cGUiOiJDVVNUT01FUiIsImN1c3RvbWVySWQiOjMsImlhdCI6MTY1ODQxNzA5Nn0.vz6sez2xtNhSKr7FpEZe1YSbawBpN8RttemONnRo9us',0,NULL),(248,'2022-07-21 17:01:04.747111','2022-07-21 18:15:41.000000',NULL,6,'eyJhbGciOiJIUzI1NiIsInR5cCI6IkpXVCJ9.eyJ1c2VySWQiOjYsInR5cGUiOiJDVVNUT01FUiIsImN1c3RvbWVySWQiOjMsImlhdCI6MTY1ODQyMjg2NH0.aoq6zdRs71CEsjKhON_Ghp8kXUxA20eV7UY3zHTX9zU',0,NULL),(249,'2022-07-21 17:15:57.674858','2022-07-21 17:15:57.674858',NULL,45,'eyJhbGciOiJIUzI1NiIsInR5cCI6IkpXVCJ9.eyJ1c2VySWQiOjQ1LCJ0eXBlIjoiUFJPVklERVIiLCJwcm92aWRlcklkIjoxMiwiaWF0IjoxNjU4NDIzNzU3fQ.v2JpkQvHv3EHq7lD1yOpDr7D9S2gh9Sly40y59Eb-H4',1,NULL),(250,'2022-07-21 18:15:41.935717','2022-07-21 18:17:00.000000',NULL,6,'eyJhbGciOiJIUzI1NiIsInR5cCI6IkpXVCJ9.eyJ1c2VySWQiOjYsInR5cGUiOiJDVVNUT01FUiIsImN1c3RvbWVySWQiOjMsImlhdCI6MTY1ODQyNzM0MX0.9YVAsEKNked40O0D7XXiiQ_D-HRFRaGihLgxzRrOHs0',0,NULL),(251,'2022-07-21 18:17:00.288183','2022-07-21 19:25:17.000000',NULL,6,'eyJhbGciOiJIUzI1NiIsInR5cCI6IkpXVCJ9.eyJ1c2VySWQiOjYsInR5cGUiOiJDVVNUT01FUiIsImN1c3RvbWVySWQiOjMsImlhdCI6MTY1ODQyNzQyMH0.61j2OclV6AjSAA45y4huetufpgwUYQsrU3GHSmSmvNA',0,NULL),(252,'2022-07-21 19:25:17.519763','2022-07-21 21:09:33.000000',NULL,6,'eyJhbGciOiJIUzI1NiIsInR5cCI6IkpXVCJ9.eyJ1c2VySWQiOjYsInR5cGUiOiJDVVNUT01FUiIsImN1c3RvbWVySWQiOjMsImlhdCI6MTY1ODQzMTUxN30.1Qh8o8QeC4UrtO_yyVc8WqvfKBAYBD1LojB6iyWv0MU',0,NULL),(253,'2022-07-21 19:27:59.245159','2022-07-21 19:27:59.000000',NULL,37,'eyJhbGciOiJIUzI1NiIsInR5cCI6IkpXVCJ9.eyJ1c2VySWQiOjM3LCJ0eXBlIjoiUFJPVklERVIiLCJwcm92aWRlcklkIjo4LCJpYXQiOjE2NTg0MzE2Nzl9.rcRifBK1XymzLz4rMbhBfxiQ2ny9B1V8aPTx9j9MOCc',0,NULL),(254,'2022-07-21 19:27:59.533271','2022-07-21 21:11:39.000000',NULL,37,'eyJhbGciOiJIUzI1NiIsInR5cCI6IkpXVCJ9.eyJ1c2VySWQiOjM3LCJ0eXBlIjoiUFJPVklERVIiLCJwcm92aWRlcklkIjo4LCJpYXQiOjE2NTg0MzE2Nzl9.rcRifBK1XymzLz4rMbhBfxiQ2ny9B1V8aPTx9j9MOCc',0,NULL),(255,'2022-07-21 21:09:33.665194','2022-07-21 21:12:02.000000',NULL,6,'eyJhbGciOiJIUzI1NiIsInR5cCI6IkpXVCJ9.eyJ1c2VySWQiOjYsInR5cGUiOiJDVVNUT01FUiIsImN1c3RvbWVySWQiOjMsImlhdCI6MTY1ODQzNzc3M30.hIil9Wo441ePDCrThsmHj5VnA3qK5JO5wI2ViZBWz3E',0,NULL),(256,'2022-07-21 21:11:39.915745','2022-07-22 19:42:11.000000',NULL,37,'eyJhbGciOiJIUzI1NiIsInR5cCI6IkpXVCJ9.eyJ1c2VySWQiOjM3LCJ0eXBlIjoiUFJPVklERVIiLCJwcm92aWRlcklkIjo4LCJpYXQiOjE2NTg0Mzc4OTl9.lJvpgvECYLTPcn1FvTPqSqSJkr-JroEByar6HRihNhk',0,NULL),(257,'2022-07-21 21:12:02.754580','2022-07-21 21:14:09.000000',NULL,6,'eyJhbGciOiJIUzI1NiIsInR5cCI6IkpXVCJ9.eyJ1c2VySWQiOjYsInR5cGUiOiJDVVNUT01FUiIsImN1c3RvbWVySWQiOjMsImlhdCI6MTY1ODQzNzkyMn0.RZ9_5I7OrXFAPyQ_7ft1awsDwygWkeKrLBXRvdAfVLg',0,NULL),(258,'2022-07-21 21:13:08.677271','2022-07-21 21:13:08.677271',NULL,36,'eyJhbGciOiJIUzI1NiIsInR5cCI6IkpXVCJ9.eyJ1c2VySWQiOjM2LCJ0eXBlIjoiQ1VTVE9NRVIiLCJjdXN0b21lcklkIjoyMywiaWF0IjoxNjU4NDM3OTg4fQ.dnecORSMbMove-YgsiAZFj1vN8jTPjNfjvgQjkEIGtc',1,NULL),(259,'2022-07-21 21:14:09.921398','2022-07-21 21:15:52.000000',NULL,6,'eyJhbGciOiJIUzI1NiIsInR5cCI6IkpXVCJ9.eyJ1c2VySWQiOjYsInR5cGUiOiJDVVNUT01FUiIsImN1c3RvbWVySWQiOjMsImlhdCI6MTY1ODQzODA0OX0.YmJHwVVgeCMciOSuhxS_CMS2-Yrst_S8BE4fc7wiJTo',0,NULL),(260,'2022-07-21 21:15:52.855998','2022-07-21 21:28:24.000000',NULL,6,'eyJhbGciOiJIUzI1NiIsInR5cCI6IkpXVCJ9.eyJ1c2VySWQiOjYsInR5cGUiOiJDVVNUT01FUiIsImN1c3RvbWVySWQiOjMsImlhdCI6MTY1ODQzODE1Mn0.TpeeZTtI7M5wGz6aK8PTO0SseBZqFfvF7HP-brjz0Co',0,NULL),(261,'2022-07-21 21:28:24.354196','2022-07-22 19:03:31.000000',NULL,6,'eyJhbGciOiJIUzI1NiIsInR5cCI6IkpXVCJ9.eyJ1c2VySWQiOjYsInR5cGUiOiJDVVNUT01FUiIsImN1c3RvbWVySWQiOjMsImlhdCI6MTY1ODQzODkwNH0.-ctjPnEPHvTmh8DvQkuC2yPXVMkgyBP-WKD4g56ao_Q',0,NULL),(262,'2022-07-22 16:45:22.323482','2022-07-22 17:32:45.000000',NULL,1,'eyJhbGciOiJIUzI1NiIsInR5cCI6IkpXVCJ9.eyJ1c2VySWQiOjEsInR5cGUiOiJBRE1JTiIsImlhdCI6MTY1ODUwODMyMn0.wIYNtXWQ3U36wZ1VkzHMMRvnrAMUx7QqG2XNo08iiUg',0,NULL),(263,'2022-07-22 17:32:45.961195','2022-07-24 20:32:41.000000',NULL,1,'eyJhbGciOiJIUzI1NiIsInR5cCI6IkpXVCJ9.eyJ1c2VySWQiOjEsInR5cGUiOiJBRE1JTiIsImlhdCI6MTY1ODUxMTE2NX0.Fg6GWlOP7RHIM_r2NqnyM45ku2cbXv30oSDBdUCFb6g',0,NULL),(264,'2022-07-22 19:03:31.824714','2022-07-22 19:47:53.000000',NULL,6,'eyJhbGciOiJIUzI1NiIsInR5cCI6IkpXVCJ9.eyJ1c2VySWQiOjYsInR5cGUiOiJDVVNUT01FUiIsImN1c3RvbWVySWQiOjMsImlhdCI6MTY1ODUxNjYxMX0.-7s0UJelsJ6NXuYit7Qm0Yn3tLM6jmh031c5ch7JLYI',0,NULL),(265,'2022-07-22 19:40:51.243279','2022-07-22 19:41:35.000000',NULL,50,'eyJhbGciOiJIUzI1NiIsInR5cCI6IkpXVCJ9.eyJ1c2VySWQiOjUwLCJ0eXBlIjoiY3VzdG9tZXIiLCJjdXN0b21lcklkIjoyNSwiaWF0IjoxNjU4NTE4ODUxfQ.anmi9TecnSHkakVM_hU86N2JZgUCYJFPZGaR9fXyV4I',0,NULL),(266,'2022-07-22 19:41:35.415029','2022-07-22 19:45:54.000000',NULL,50,'eyJhbGciOiJIUzI1NiIsInR5cCI6IkpXVCJ9.eyJ1c2VySWQiOjUwLCJ0eXBlIjoiQ1VTVE9NRVIiLCJjdXN0b21lcklkIjoyNSwiaWF0IjoxNjU4NTE4ODk1fQ.qo3mC_VAtD08cSae-HdUvZCL1bR8GwZPi-xFCJdWVTw',0,NULL),(267,'2022-07-22 19:42:11.528163','2022-07-22 20:15:28.000000',NULL,37,'eyJhbGciOiJIUzI1NiIsInR5cCI6IkpXVCJ9.eyJ1c2VySWQiOjM3LCJ0eXBlIjoiUFJPVklERVIiLCJwcm92aWRlcklkIjo4LCJpYXQiOjE2NTg1MTg5MzF9.1MWVD3LxTwZnplegJCsnRIA5Tm7bmr8bKf_jf0M55dI',0,NULL),(268,'2022-07-22 19:45:54.903243','2022-07-22 19:52:00.000000',NULL,50,'eyJhbGciOiJIUzI1NiIsInR5cCI6IkpXVCJ9.eyJ1c2VySWQiOjUwLCJ0eXBlIjoiQ1VTVE9NRVIiLCJjdXN0b21lcklkIjoyNSwiaWF0IjoxNjU4NTE5MTU0fQ.FLMQ3KuDeC80QscSHyDr1EWFR6ZPdJP0iHe7g_iYnmw',0,NULL),(269,'2022-07-22 19:47:53.692889','2022-07-22 20:41:57.000000',NULL,6,'eyJhbGciOiJIUzI1NiIsInR5cCI6IkpXVCJ9.eyJ1c2VySWQiOjYsInR5cGUiOiJDVVNUT01FUiIsImN1c3RvbWVySWQiOjMsImlhdCI6MTY1ODUxOTI3M30.Z75oxNRys7ek7IhY6MrJmk3mRBRH_rew3bM8kauEQ7E',0,NULL),(270,'2022-07-22 19:48:52.771040','2022-07-22 19:49:22.000000',NULL,51,'eyJhbGciOiJIUzI1NiIsInR5cCI6IkpXVCJ9.eyJ1c2VySWQiOjUxLCJ0eXBlIjoiY3VzdG9tZXIiLCJjdXN0b21lcklkIjoyNiwiaWF0IjoxNjU4NTE5MzMyfQ.3Cy56qyshJfbztNtIiUzTXr4rDewMpI4qv9v7Q-bXpM',0,NULL),(271,'2022-07-22 19:49:22.579260','2022-07-23 13:46:29.000000',NULL,51,'eyJhbGciOiJIUzI1NiIsInR5cCI6IkpXVCJ9.eyJ1c2VySWQiOjUxLCJ0eXBlIjoiQ1VTVE9NRVIiLCJjdXN0b21lcklkIjoyNiwiaWF0IjoxNjU4NTE5MzYyfQ.JPt5EGGHqVFmzAKcXOuQQ-EBXiv-2KF3t252tQUhfes',0,NULL),(272,'2022-07-22 19:52:00.325062','2022-07-22 19:52:44.000000',NULL,50,'eyJhbGciOiJIUzI1NiIsInR5cCI6IkpXVCJ9.eyJ1c2VySWQiOjUwLCJ0eXBlIjoiQ1VTVE9NRVIiLCJjdXN0b21lcklkIjoyNSwiaWF0IjoxNjU4NTE5NTIwfQ.pG5a_LbIK7C-K-3ib8G4Sft65zt3ApPRMXSnObJeSfQ',0,NULL),(273,'2022-07-22 19:52:44.848067','2022-07-22 19:57:05.000000',NULL,50,'eyJhbGciOiJIUzI1NiIsInR5cCI6IkpXVCJ9.eyJ1c2VySWQiOjUwLCJ0eXBlIjoiQ1VTVE9NRVIiLCJjdXN0b21lcklkIjoyNSwiaWF0IjoxNjU4NTE5NTY0fQ.AxnQXCqPE7KIG4bel96NWFRK-3aaNYLeHUBu8rsv2BA',0,NULL),(274,'2022-07-22 19:57:05.211435','2022-07-22 19:57:05.211435',NULL,50,'eyJhbGciOiJIUzI1NiIsInR5cCI6IkpXVCJ9.eyJ1c2VySWQiOjUwLCJ0eXBlIjoiQ1VTVE9NRVIiLCJjdXN0b21lcklkIjoyNSwiaWF0IjoxNjU4NTE5ODI1fQ.Z4ZQYEQ1MXzbjuDQz4j7CMqafQ891S7cDdSKgDHbSNc',1,NULL),(275,'2022-07-22 20:15:28.147314','2022-07-24 19:32:56.000000',NULL,37,'eyJhbGciOiJIUzI1NiIsInR5cCI6IkpXVCJ9.eyJ1c2VySWQiOjM3LCJ0eXBlIjoiUFJPVklERVIiLCJwcm92aWRlcklkIjo4LCJpYXQiOjE2NTg1MjA5Mjh9.ZuuqkOnspaiToU5Ta_RF5hnv5EPMIwHaZ7LTi05CKwg',0,NULL),(276,'2022-07-22 20:39:04.004609','2022-07-22 20:44:28.000000',NULL,52,'eyJhbGciOiJIUzI1NiIsInR5cCI6IkpXVCJ9.eyJ1c2VySWQiOjUyLCJ0eXBlIjoiUFJPVklERVIiLCJwcm92aWRlcklkIjoxMywiaWF0IjoxNjU4NTIyMzQ0fQ.11Xa0ejRn1f8eps7raKkTjw8sDx4YZsjpauf7y6oeME',0,NULL),(277,'2022-07-22 20:41:57.995168','2022-07-23 13:23:34.000000',NULL,6,'eyJhbGciOiJIUzI1NiIsInR5cCI6IkpXVCJ9.eyJ1c2VySWQiOjYsInR5cGUiOiJDVVNUT01FUiIsImN1c3RvbWVySWQiOjMsImlhdCI6MTY1ODUyMjUxN30.ZkLUSCqhdj7tos8rK58KpM0OYlcMsvD22ukK97c4cx8',0,NULL),(278,'2022-07-22 20:44:28.364705','2022-07-22 20:44:28.364705',NULL,52,'eyJhbGciOiJIUzI1NiIsInR5cCI6IkpXVCJ9.eyJ1c2VySWQiOjUyLCJ0eXBlIjoiUFJPVklERVIiLCJwcm92aWRlcklkIjoxMywiaWF0IjoxNjU4NTIyNjY4fQ.lDNj-hDxP2CKNG_S4HCCj90-s_4iERF0q63-PQ3lAqw',1,NULL),(279,'2022-07-23 13:23:34.513308','2022-07-23 13:26:35.000000',NULL,6,'eyJhbGciOiJIUzI1NiIsInR5cCI6IkpXVCJ9.eyJ1c2VySWQiOjYsInR5cGUiOiJDVVNUT01FUiIsImN1c3RvbWVySWQiOjMsImlhdCI6MTY1ODU4MjYxNH0.F787vViR0edoo9a8LcIzepWgRzQxcMPydsYgm4SFjTs',0,NULL),(280,'2022-07-23 13:26:35.908665','2022-07-23 15:13:05.000000',NULL,6,'eyJhbGciOiJIUzI1NiIsInR5cCI6IkpXVCJ9.eyJ1c2VySWQiOjYsInR5cGUiOiJDVVNUT01FUiIsImN1c3RvbWVySWQiOjMsImlhdCI6MTY1ODU4Mjc5NX0.uaNoCNPHx_1r3RScUDFZMU_InjL6UpOA8k1hdSt7YnA',0,NULL),(281,'2022-07-23 13:46:29.204180','2022-07-23 13:46:29.204180',NULL,51,'eyJhbGciOiJIUzI1NiIsInR5cCI6IkpXVCJ9.eyJ1c2VySWQiOjUxLCJ0eXBlIjoiQ1VTVE9NRVIiLCJjdXN0b21lcklkIjoyNiwiaWF0IjoxNjU4NTgzOTg5fQ._6ZVctqsa3zVkSiQKleKzB94fZnsQlRXlwHShxtDFnY',1,NULL),(282,'2022-07-23 15:10:32.747766','2022-07-23 15:10:32.747766',NULL,53,'eyJhbGciOiJIUzI1NiIsInR5cCI6IkpXVCJ9.eyJ1c2VySWQiOjUzLCJ0eXBlIjoiY3VzdG9tZXIiLCJjdXN0b21lcklkIjoyNywiaWF0IjoxNjU4NTg5MDMyfQ.UN19SgXQNv2eDUYvkbRBXhzUj6kWWipa6m1TR1e-qF0',1,NULL),(283,'2022-07-23 15:13:05.259162','2022-07-23 15:14:46.000000',NULL,6,'eyJhbGciOiJIUzI1NiIsInR5cCI6IkpXVCJ9.eyJ1c2VySWQiOjYsInR5cGUiOiJDVVNUT01FUiIsImN1c3RvbWVySWQiOjMsImlhdCI6MTY1ODU4OTE4NX0.V9mjTZQ-HCv9Qu5KeCUQtLItNQLAjoY9r5InJDo30sw',0,NULL),(284,'2022-07-23 15:14:46.306260','2022-07-23 19:42:33.000000',NULL,6,'eyJhbGciOiJIUzI1NiIsInR5cCI6IkpXVCJ9.eyJ1c2VySWQiOjYsInR5cGUiOiJDVVNUT01FUiIsImN1c3RvbWVySWQiOjMsImlhdCI6MTY1ODU4OTI4Nn0.OXeeNE6UZyeHK7BcZIJaJHAargdyzl71YG6C-kW4RIQ',0,NULL),(285,'2022-07-23 15:33:20.109350','2022-07-23 15:36:18.000000',NULL,54,'eyJhbGciOiJIUzI1NiIsInR5cCI6IkpXVCJ9.eyJ1c2VySWQiOjU0LCJ0eXBlIjoiY3VzdG9tZXIiLCJjdXN0b21lcklkIjoyOCwiaWF0IjoxNjU4NTkwNDAwfQ.FD4iPqwfeGbMiTRR24v847md9vbnOuVc31DctZGvWD8',0,NULL),(286,'2022-07-23 15:36:18.446473','2022-07-23 15:36:18.446473',NULL,54,'eyJhbGciOiJIUzI1NiIsInR5cCI6IkpXVCJ9.eyJ1c2VySWQiOjU0LCJ0eXBlIjoiQ1VTVE9NRVIiLCJjdXN0b21lcklkIjoyOCwiaWF0IjoxNjU4NTkwNTc4fQ.UjoEI4WGM9v7qrNUQHAx0vhn9fOsH205uiqmJkyOW6Q',1,NULL),(287,'2022-07-23 17:29:56.950131','2022-07-23 17:30:22.000000',NULL,59,'eyJhbGciOiJIUzI1NiIsInR5cCI6IkpXVCJ9.eyJ1c2VySWQiOjU5LCJ0eXBlIjoiY3VzdG9tZXIiLCJjdXN0b21lcklkIjozMiwiaWF0IjoxNjU4NTk3Mzk2fQ.RBRzDbt3VroME1yU1MTcT42PGdM1I8wCv1rZUnDMhdc',0,NULL),(288,'2022-07-23 17:30:22.680299','2022-07-23 17:30:22.680299',NULL,59,'eyJhbGciOiJIUzI1NiIsInR5cCI6IkpXVCJ9.eyJ1c2VySWQiOjU5LCJ0eXBlIjoiQ1VTVE9NRVIiLCJjdXN0b21lcklkIjozMiwiaWF0IjoxNjU4NTk3NDIyfQ.9yXCHNxYh1ONOA5TOUqa8cRMygA_ZvpKyMDarLbq0Rk',1,NULL),(289,'2022-07-23 19:42:33.383665','2022-07-24 11:13:32.000000',NULL,6,'eyJhbGciOiJIUzI1NiIsInR5cCI6IkpXVCJ9.eyJ1c2VySWQiOjYsInR5cGUiOiJDVVNUT01FUiIsImN1c3RvbWVySWQiOjMsImlhdCI6MTY1ODYwNTM1M30.qRZltIHDck-IFZAKhj9yTo7w6h69dqtehg73DLJ3JgM',0,NULL),(290,'2022-07-24 04:17:23.944137','2022-07-24 04:17:23.944137',NULL,32,'eyJhbGciOiJIUzI1NiIsInR5cCI6IkpXVCJ9.eyJ1c2VySWQiOjMyLCJ0eXBlIjoiUFJPVklERVIiLCJwcm92aWRlcklkIjo3LCJpYXQiOjE2NTg2MzYyNDN9.6dgLJdI9W9o05t9C8pxQuvoZrh6HrlI-x90lTZGQYLE',1,NULL),(291,'2022-07-24 11:13:32.786421','2022-07-24 19:32:22.000000',NULL,6,'eyJhbGciOiJIUzI1NiIsInR5cCI6IkpXVCJ9.eyJ1c2VySWQiOjYsInR5cGUiOiJDVVNUT01FUiIsImN1c3RvbWVySWQiOjMsImlhdCI6MTY1ODY2MTIxMn0.u-uCBpRJjDUkuQ0sy6pyz_N7XWohSENa66zM4WdKS14',0,NULL),(292,'2022-07-24 19:32:22.060699','2022-07-24 21:09:06.000000',NULL,6,'eyJhbGciOiJIUzI1NiIsInR5cCI6IkpXVCJ9.eyJ1c2VySWQiOjYsInR5cGUiOiJDVVNUT01FUiIsImN1c3RvbWVySWQiOjMsImlhdCI6MTY1ODY5MTE0Mn0.2_fsyNPLHIZjT9-szwA9Au1vQd6onchd5GOfZFSHnjM',0,NULL),(293,'2022-07-24 19:32:56.884067','2022-07-24 19:39:54.000000',NULL,37,'eyJhbGciOiJIUzI1NiIsInR5cCI6IkpXVCJ9.eyJ1c2VySWQiOjM3LCJ0eXBlIjoiUFJPVklERVIiLCJwcm92aWRlcklkIjo4LCJpYXQiOjE2NTg2OTExNzZ9.Gg79lQsPBOaXPCp8ZAVKWzF7FetIc3A34PXBHjJ4G-8',0,NULL),(294,'2022-07-24 19:39:54.358776','2022-07-24 20:14:00.000000',NULL,37,'eyJhbGciOiJIUzI1NiIsInR5cCI6IkpXVCJ9.eyJ1c2VySWQiOjM3LCJ0eXBlIjoiUFJPVklERVIiLCJwcm92aWRlcklkIjo4LCJpYXQiOjE2NTg2OTE1OTR9.tIWIvCzRXNaQz1fDcF6VdhjGYyFgoV0vsoExSmun7Ks',0,NULL),(295,'2022-07-24 20:14:00.868310','2022-07-25 07:09:25.000000',NULL,37,'eyJhbGciOiJIUzI1NiIsInR5cCI6IkpXVCJ9.eyJ1c2VySWQiOjM3LCJ0eXBlIjoiUFJPVklERVIiLCJwcm92aWRlcklkIjo4LCJpYXQiOjE2NTg2OTM2NDB9.Ll2_W0kjkRhktGIm1m6h6tGf3YcOifwfpk6ZsFjgsUY',0,NULL),(296,'2022-07-24 20:32:41.195356','2022-07-24 20:36:07.000000',NULL,1,'eyJhbGciOiJIUzI1NiIsInR5cCI6IkpXVCJ9.eyJ1c2VySWQiOjEsInR5cGUiOiJBRE1JTiIsImlhdCI6MTY1ODY5NDc2MX0.DdfiQYR-cKjzgn-MFwkRZre-WkdKP5jNG8MtWv5Qhjc',0,NULL),(297,'2022-07-24 20:36:07.403565','2022-07-24 21:11:07.000000',NULL,1,'eyJhbGciOiJIUzI1NiIsInR5cCI6IkpXVCJ9.eyJ1c2VySWQiOjEsInR5cGUiOiJBRE1JTiIsImlhdCI6MTY1ODY5NDk2N30.BsQuw1HvmG79eKstrr2Y_6u3Sl3gROXIPds-RtBmjHc',0,NULL),(298,'2022-07-24 21:09:06.060632','2022-07-24 22:12:03.000000',NULL,6,'eyJhbGciOiJIUzI1NiIsInR5cCI6IkpXVCJ9.eyJ1c2VySWQiOjYsInR5cGUiOiJDVVNUT01FUiIsImN1c3RvbWVySWQiOjMsImlhdCI6MTY1ODY5Njk0Nn0.lNflAZF2ejY_ZrmlGAHBuHKZQ9m3Fujg7ZNypNfVCgc',0,NULL),(299,'2022-07-24 21:11:07.968401','2022-07-24 21:17:23.000000',NULL,1,'eyJhbGciOiJIUzI1NiIsInR5cCI6IkpXVCJ9.eyJ1c2VySWQiOjEsInR5cGUiOiJBRE1JTiIsImlhdCI6MTY1ODY5NzA2N30.eMYFKv5PowR0UJzsRjgzjotzpUeLKK4J-ylAnVdtFY4',0,NULL),(300,'2022-07-24 21:17:23.723135','2022-07-24 21:58:07.000000',NULL,1,'eyJhbGciOiJIUzI1NiIsInR5cCI6IkpXVCJ9.eyJ1c2VySWQiOjEsInR5cGUiOiJBRE1JTiIsImlhdCI6MTY1ODY5NzQ0M30.MRkFGO4_VqT522DknQUvnGL4FBqvp6UkjtTJNgDSB4o',0,NULL),(301,'2022-07-24 21:58:07.057191','2022-07-24 22:07:08.000000',NULL,1,'eyJhbGciOiJIUzI1NiIsInR5cCI6IkpXVCJ9.eyJ1c2VySWQiOjEsInR5cGUiOiJBRE1JTiIsImlhdCI6MTY1ODY5OTg4N30.WMvp1X9Mv9IX_6SHMaqqRZ7yhqTsusnP71psiC4cCjU',0,NULL),(302,'2022-07-24 22:07:08.498369','2022-07-24 22:10:14.000000',NULL,1,'eyJhbGciOiJIUzI1NiIsInR5cCI6IkpXVCJ9.eyJ1c2VySWQiOjEsInR5cGUiOiJBRE1JTiIsImlhdCI6MTY1ODcwMDQyOH0.Mbd_P99I_6YPj157Ggt9YcFqnSWvkEB0HLWfRHl_OJI',0,NULL),(303,'2022-07-24 22:10:14.262308','2022-07-25 11:11:19.000000',NULL,1,'eyJhbGciOiJIUzI1NiIsInR5cCI6IkpXVCJ9.eyJ1c2VySWQiOjEsInR5cGUiOiJBRE1JTiIsImlhdCI6MTY1ODcwMDYxNH0.rHtBMNjiczHDwaTg8-CYystszDdwYzaidKDTQcQaD48',0,NULL),(304,'2022-07-24 22:12:03.669084','2022-07-25 07:08:47.000000',NULL,6,'eyJhbGciOiJIUzI1NiIsInR5cCI6IkpXVCJ9.eyJ1c2VySWQiOjYsInR5cGUiOiJDVVNUT01FUiIsImN1c3RvbWVySWQiOjMsImlhdCI6MTY1ODcwMDcyM30.p7B5BsVVInbifq10pR5QnV1unJCfxRwYFl65BgDxSFk',0,NULL),(305,'2022-07-25 07:08:47.427634','2022-07-25 07:32:57.000000',NULL,6,'eyJhbGciOiJIUzI1NiIsInR5cCI6IkpXVCJ9.eyJ1c2VySWQiOjYsInR5cGUiOiJDVVNUT01FUiIsImN1c3RvbWVySWQiOjMsImlhdCI6MTY1ODczMjkyN30.VSpaCMme4dVXh5Kq9TIXmPj27JEuEHuHxpT_SZAxoa0',0,NULL),(306,'2022-07-25 07:09:25.370385','2022-07-25 07:09:28.000000',NULL,37,'eyJhbGciOiJIUzI1NiIsInR5cCI6IkpXVCJ9.eyJ1c2VySWQiOjM3LCJ0eXBlIjoiUFJPVklERVIiLCJwcm92aWRlcklkIjo4LCJpYXQiOjE2NTg3MzI5NjV9.CwZNo9OfWgSCZ4LepdiqYLxAM-cYsq3qqd-sxNmCKQM',0,NULL),(307,'2022-07-25 07:09:28.327456','2022-07-25 07:11:02.000000',NULL,37,'eyJhbGciOiJIUzI1NiIsInR5cCI6IkpXVCJ9.eyJ1c2VySWQiOjM3LCJ0eXBlIjoiUFJPVklERVIiLCJwcm92aWRlcklkIjo4LCJpYXQiOjE2NTg3MzI5Njh9.9E8CYqcdH1bw89qKlVt247Rt1MAz29-LT6jmtUxdx_g',0,NULL),(308,'2022-07-25 07:11:02.194790','2022-07-25 07:11:14.000000',NULL,37,'eyJhbGciOiJIUzI1NiIsInR5cCI6IkpXVCJ9.eyJ1c2VySWQiOjM3LCJ0eXBlIjoiUFJPVklERVIiLCJwcm92aWRlcklkIjo4LCJpYXQiOjE2NTg3MzMwNjJ9.iv89QzI8pYJf48-Orb3o-ezrbUtEJhvotCla98ftYog',0,NULL),(309,'2022-07-25 07:11:14.950043','2022-07-25 07:31:45.000000',NULL,37,'eyJhbGciOiJIUzI1NiIsInR5cCI6IkpXVCJ9.eyJ1c2VySWQiOjM3LCJ0eXBlIjoiUFJPVklERVIiLCJwcm92aWRlcklkIjo4LCJpYXQiOjE2NTg3MzMwNzR9.fGVd8nlDJvx6xvL5_xtDXknpantOmcJY4oxMNVcw5Vg',0,NULL),(310,'2022-07-25 07:31:45.658344','2022-07-25 07:31:49.000000',NULL,37,'eyJhbGciOiJIUzI1NiIsInR5cCI6IkpXVCJ9.eyJ1c2VySWQiOjM3LCJ0eXBlIjoiUFJPVklERVIiLCJwcm92aWRlcklkIjo4LCJpYXQiOjE2NTg3MzQzMDV9.Eazw1r5tKh4hzwbOIq7fmwcRLskP9ktaBGJbF6gNAbA',0,NULL),(311,'2022-07-25 07:31:49.137826','2022-07-25 07:31:55.000000',NULL,37,'eyJhbGciOiJIUzI1NiIsInR5cCI6IkpXVCJ9.eyJ1c2VySWQiOjM3LCJ0eXBlIjoiUFJPVklERVIiLCJwcm92aWRlcklkIjo4LCJpYXQiOjE2NTg3MzQzMDl9.MX-AP-egYTO0lM01pL7lAcgTKJ_rOY6p83V_GZDr04Q',0,NULL),(312,'2022-07-25 07:31:55.708599','2022-07-25 07:32:16.000000',NULL,37,'eyJhbGciOiJIUzI1NiIsInR5cCI6IkpXVCJ9.eyJ1c2VySWQiOjM3LCJ0eXBlIjoiUFJPVklERVIiLCJwcm92aWRlcklkIjo4LCJpYXQiOjE2NTg3MzQzMTV9.XxGMtAckyLaRWCGDk1TzJK8__3T7CCV8TiJXPLhI8GA',0,NULL),(313,'2022-07-25 07:32:16.492438','2022-07-25 07:32:43.000000',NULL,37,'eyJhbGciOiJIUzI1NiIsInR5cCI6IkpXVCJ9.eyJ1c2VySWQiOjM3LCJ0eXBlIjoiUFJPVklERVIiLCJwcm92aWRlcklkIjo4LCJpYXQiOjE2NTg3MzQzMzZ9.QwDkexIpus_xj62N3ht6pNRDoJQ6C6bhnJOeC_ga6sw',0,NULL),(314,'2022-07-25 07:32:43.515164','2022-07-25 07:34:22.000000',NULL,37,'eyJhbGciOiJIUzI1NiIsInR5cCI6IkpXVCJ9.eyJ1c2VySWQiOjM3LCJ0eXBlIjoiUFJPVklERVIiLCJwcm92aWRlcklkIjo4LCJpYXQiOjE2NTg3MzQzNjN9.pOWRyem41Zk0q5EJsCYlvMWEJUUIgoOmo595VbEfb_s',0,NULL),(315,'2022-07-25 07:32:57.541300','2022-07-25 15:12:06.000000',NULL,6,'eyJhbGciOiJIUzI1NiIsInR5cCI6IkpXVCJ9.eyJ1c2VySWQiOjYsInR5cGUiOiJDVVNUT01FUiIsImN1c3RvbWVySWQiOjMsImlhdCI6MTY1ODczNDM3N30.pQg05wA--9NoO6JrV-BezWcQWG3vGrlgGlE5FQeRcBQ',0,NULL),(316,'2022-07-25 07:33:25.358133','2022-07-26 13:56:23.000000',NULL,43,'eyJhbGciOiJIUzI1NiIsInR5cCI6IkpXVCJ9.eyJ1c2VySWQiOjQzLCJ0eXBlIjoiUFJPVklERVIiLCJwcm92aWRlcklkIjoxMSwiaWF0IjoxNjU4NzM0NDA1fQ.k5mtbkCtMmTz1I1C7Syu8cXjZZVFrrh-JYOQWcqkmFk',0,NULL),(317,'2022-07-25 07:34:22.436147','2022-07-25 07:37:13.000000',NULL,37,'eyJhbGciOiJIUzI1NiIsInR5cCI6IkpXVCJ9.eyJ1c2VySWQiOjM3LCJ0eXBlIjoiUFJPVklERVIiLCJwcm92aWRlcklkIjo4LCJpYXQiOjE2NTg3MzQ0NjJ9.fIGvwmTvOoCjgStE_eAVjaOnkl2Zrd6sw-euRgHgc1g',0,NULL),(318,'2022-07-25 07:37:13.120679','2022-07-25 07:40:45.000000',NULL,37,'eyJhbGciOiJIUzI1NiIsInR5cCI6IkpXVCJ9.eyJ1c2VySWQiOjM3LCJ0eXBlIjoiUFJPVklERVIiLCJwcm92aWRlcklkIjo4LCJpYXQiOjE2NTg3MzQ2MzN9.7b5J_iL-HKo8tDxXrofF_CWEjRzqz-3QvT5EXfM8DbM',0,NULL),(319,'2022-07-25 07:40:45.484415','2022-07-25 15:12:24.000000',NULL,37,'eyJhbGciOiJIUzI1NiIsInR5cCI6IkpXVCJ9.eyJ1c2VySWQiOjM3LCJ0eXBlIjoiUFJPVklERVIiLCJwcm92aWRlcklkIjo4LCJpYXQiOjE2NTg3MzQ4NDV9.B-e-Uf_tVflmGaSRlOzdsmaHG4KtSgYfLxsEtkvTSHg',0,NULL),(320,'2022-07-25 11:11:19.582867','2022-07-25 11:13:32.000000',NULL,1,'eyJhbGciOiJIUzI1NiIsInR5cCI6IkpXVCJ9.eyJ1c2VySWQiOjEsInR5cGUiOiJBRE1JTiIsImlhdCI6MTY1ODc0NzQ3OX0._kP4smm6P7eubbM6DwhLPQkTr2xmUTEDRcMlE2yHizU',0,NULL),(321,'2022-07-25 11:13:32.517324','2022-07-26 13:46:37.000000',NULL,1,'eyJhbGciOiJIUzI1NiIsInR5cCI6IkpXVCJ9.eyJ1c2VySWQiOjEsInR5cGUiOiJBRE1JTiIsImlhdCI6MTY1ODc0NzYxMn0.s5B0XNmoh_y5iiz6rlDpv3dwraKIYPvmI87HPcoYzjU',0,NULL),(322,'2022-07-25 15:12:06.136139','2022-07-25 15:49:53.000000',NULL,6,'eyJhbGciOiJIUzI1NiIsInR5cCI6IkpXVCJ9.eyJ1c2VySWQiOjYsInR5cGUiOiJDVVNUT01FUiIsImN1c3RvbWVySWQiOjMsImlhdCI6MTY1ODc2MTkyNn0.Wf5b6V1kk8IJgr_QKDcksdG0EE-q6Zf5WKSgN8xd1GI',0,NULL),(323,'2022-07-25 15:12:24.889447','2022-07-26 13:56:51.000000',NULL,37,'eyJhbGciOiJIUzI1NiIsInR5cCI6IkpXVCJ9.eyJ1c2VySWQiOjM3LCJ0eXBlIjoiUFJPVklERVIiLCJwcm92aWRlcklkIjo4LCJpYXQiOjE2NTg3NjE5NDR9._3AANiFRn1wZ2hGdJgLySyM5V4m5rl346SMc2tdTnEw',0,NULL),(324,'2022-07-25 15:44:39.404979','2022-07-25 15:44:39.404979',NULL,63,'eyJhbGciOiJIUzI1NiIsInR5cCI6IkpXVCJ9.eyJ1c2VySWQiOjYzLCJ0eXBlIjoiUFJPVklERVIiLCJwcm92aWRlcklkIjoxNCwiaWF0IjoxNjU4NzYzODc5fQ.aj5G5yKE-ptrJ9BJqWNT1CL2OQqYQ2nOXCMekr9Mb9c',1,NULL),(325,'2022-07-25 15:49:53.189156','2022-07-25 19:08:12.000000',NULL,6,'eyJhbGciOiJIUzI1NiIsInR5cCI6IkpXVCJ9.eyJ1c2VySWQiOjYsInR5cGUiOiJDVVNUT01FUiIsImN1c3RvbWVySWQiOjMsImlhdCI6MTY1ODc2NDE5M30.9rqxPvnwhq0dTvJyW0Stw2GACcMgpRrqADmgacOnoHI',0,NULL),(326,'2022-07-25 15:52:45.520856','2022-07-25 15:53:15.000000',NULL,65,'eyJhbGciOiJIUzI1NiIsInR5cCI6IkpXVCJ9.eyJ1c2VySWQiOjY1LCJ0eXBlIjoiY3VzdG9tZXIiLCJjdXN0b21lcklkIjozMywiaWF0IjoxNjU4NzY0MzY1fQ.MiFFKy6RnLz3wShYB9K-LKD0DGjmdvqoSzqm9NkZggM',0,NULL),(327,'2022-07-25 15:53:15.803558','2022-07-25 15:53:15.803558',NULL,65,'eyJhbGciOiJIUzI1NiIsInR5cCI6IkpXVCJ9.eyJ1c2VySWQiOjY1LCJ0eXBlIjoiQ1VTVE9NRVIiLCJjdXN0b21lcklkIjozMywiaWF0IjoxNjU4NzY0Mzk1fQ.UQmPNMPRbWclWR1tROL20JKgIKenFJ61Pjc1zJZvfAQ',1,NULL),(328,'2022-07-25 19:08:12.149634','2022-07-25 19:33:56.000000',NULL,6,'eyJhbGciOiJIUzI1NiIsInR5cCI6IkpXVCJ9.eyJ1c2VySWQiOjYsInR5cGUiOiJDVVNUT01FUiIsImN1c3RvbWVySWQiOjMsImlhdCI6MTY1ODc3NjA5Mn0.7drdvQh6S3srKbvVIwnb3llmSd9ma3Ftp8mLbvrdnRs',0,NULL),(329,'2022-07-25 19:33:56.424750','2022-07-26 13:51:34.000000',NULL,6,'eyJhbGciOiJIUzI1NiIsInR5cCI6IkpXVCJ9.eyJ1c2VySWQiOjYsInR5cGUiOiJDVVNUT01FUiIsImN1c3RvbWVySWQiOjMsImlhdCI6MTY1ODc3NzYzNn0.d4HNKX_Tbq5m2g01ljJqfGRKm5_B-e2G9HbXXD25oMo',0,NULL),(330,'2022-07-26 13:29:46.591966','2022-07-26 13:52:06.000000',NULL,66,'eyJhbGciOiJIUzI1NiIsInR5cCI6IkpXVCJ9.eyJ1c2VySWQiOjY2LCJ0eXBlIjoiY3VzdG9tZXIiLCJjdXN0b21lcklkIjozNCwiaWF0IjoxNjU4ODQyMTg2fQ.zk98eNKryBUOd4QmAp9LVA0u9keCjOSkmgHBW36BHmo',0,NULL),(331,'2022-07-26 13:46:37.701290','2022-07-26 14:01:05.000000',NULL,1,'eyJhbGciOiJIUzI1NiIsInR5cCI6IkpXVCJ9.eyJ1c2VySWQiOjEsInR5cGUiOiJBRE1JTiIsImlhdCI6MTY1ODg0MzE5N30.4dhP8FwxyUa1N81A7lOK91Iix9YfwMvJiZ86Mzgd0qo',0,NULL),(332,'2022-07-26 13:51:34.628231','2022-07-26 14:53:38.000000',NULL,6,'eyJhbGciOiJIUzI1NiIsInR5cCI6IkpXVCJ9.eyJ1c2VySWQiOjYsInR5cGUiOiJDVVNUT01FUiIsImN1c3RvbWVySWQiOjMsImlhdCI6MTY1ODg0MzQ5NH0.jPPEz2zC6bvHIPwohT5g4tMADTG56scUj5HUNkioWEY',0,NULL),(333,'2022-07-26 13:52:06.515461','2022-07-26 16:02:49.000000',NULL,66,'eyJhbGciOiJIUzI1NiIsInR5cCI6IkpXVCJ9.eyJ1c2VySWQiOjY2LCJ0eXBlIjoiQ1VTVE9NRVIiLCJjdXN0b21lcklkIjozNCwiaWF0IjoxNjU4ODQzNTI2fQ.Ja4uT5Q5ZwUHfdLpycbmVGm_9oPvnHnS-qx9kfi8hsI',0,NULL),(334,'2022-07-26 13:56:23.748528','2022-07-26 13:56:34.000000',NULL,43,'eyJhbGciOiJIUzI1NiIsInR5cCI6IkpXVCJ9.eyJ1c2VySWQiOjQzLCJ0eXBlIjoiUFJPVklERVIiLCJwcm92aWRlcklkIjoxMSwiaWF0IjoxNjU4ODQzNzgzfQ.XKgk6NX4EHiqNOjpFdYkoFakXz5zzithg2Io2twlOAQ',0,NULL),(335,'2022-07-26 13:56:34.136709','2022-07-26 13:56:34.136709',NULL,43,'eyJhbGciOiJIUzI1NiIsInR5cCI6IkpXVCJ9.eyJ1c2VySWQiOjQzLCJ0eXBlIjoiUFJPVklERVIiLCJwcm92aWRlcklkIjoxMSwiaWF0IjoxNjU4ODQzNzk0fQ.pbmxXxJIGwzmW14kmmYG5vIjH7LSpIx2wO-Tqefq0dQ',1,NULL),(336,'2022-07-26 13:56:51.380051','2022-07-26 13:56:51.380051',NULL,37,'eyJhbGciOiJIUzI1NiIsInR5cCI6IkpXVCJ9.eyJ1c2VySWQiOjM3LCJ0eXBlIjoiUFJPVklERVIiLCJwcm92aWRlcklkIjo4LCJpYXQiOjE2NTg4NDM4MTF9.xeKngIUqPhiGQ81URAkIgLY4-n0A2usJB7BEStI80kM',1,NULL),(337,'2022-07-26 14:01:05.966864','2022-07-26 14:17:15.000000',NULL,1,'eyJhbGciOiJIUzI1NiIsInR5cCI6IkpXVCJ9.eyJ1c2VySWQiOjEsInR5cGUiOiJBRE1JTiIsImlhdCI6MTY1ODg0NDA2NX0.7B3qTLVcVc1OGU9XFjJjkl3Z8_j4wb5EJDBq8IxGt0E',0,NULL),(338,'2022-07-26 14:11:00.870445','2022-07-26 14:11:00.870445',NULL,68,'eyJhbGciOiJIUzI1NiIsInR5cCI6IkpXVCJ9.eyJ1c2VySWQiOjE0LCJ0eXBlIjoiUFJPVklERVIiLCJwcm92aWRlcklkIjozLCJpYXQiOjE2NTg4NDQ2NjB9.rO8P1zWNF93v43fD0IvHP7XMwg_zaqkVrVXxng3C1jY',1,NULL),(339,'2022-07-26 14:13:41.389853','2022-07-26 14:13:41.389853',NULL,68,'eyJhbGciOiJIUzI1NiIsInR5cCI6IkpXVCJ9.eyJ1c2VySWQiOjE0LCJ0eXBlIjoiUFJPVklERVIiLCJwcm92aWRlcklkIjozLCJpYXQiOjE2NTg4NDQ4MjF9.tWsAt2Q1AUGPnpS13B8ttPmrxzKY0WzW9Pq4nca533E',1,NULL),(340,'2022-07-26 14:13:59.637213','2022-07-26 14:13:59.637213',NULL,68,'eyJhbGciOiJIUzI1NiIsInR5cCI6IkpXVCJ9.eyJ1c2VySWQiOjE0LCJ0eXBlIjoiUFJPVklERVIiLCJwcm92aWRlcklkIjozLCJpYXQiOjE2NTg4NDQ4Mzl9._KVxo7XkK5wOBT79B5ync3CdDnWKNdKjhOp1018_Gao',1,NULL),(341,'2022-07-26 14:14:03.497302','2022-07-26 14:14:03.497302',NULL,68,'eyJhbGciOiJIUzI1NiIsInR5cCI6IkpXVCJ9.eyJ1c2VySWQiOjE0LCJ0eXBlIjoiUFJPVklERVIiLCJwcm92aWRlcklkIjozLCJpYXQiOjE2NTg4NDQ4NDN9.9G51bLLFv5s0rEkca98wf8qbeMIzXXi_OqP6COLp-c4',1,NULL),(342,'2022-07-26 14:17:15.451445','2022-07-26 14:31:49.000000',NULL,1,'eyJhbGciOiJIUzI1NiIsInR5cCI6IkpXVCJ9.eyJ1c2VySWQiOjEsInR5cGUiOiJBRE1JTiIsImlhdCI6MTY1ODg0NTAzNX0.6lj3qaUOm5OlfGGWRmRzeTwbKaR7w5PNl1Nh9LDZbGM',0,NULL),(343,'2022-07-26 14:17:52.810297','2022-07-26 14:17:52.810297',NULL,68,'eyJhbGciOiJIUzI1NiIsInR5cCI6IkpXVCJ9.eyJ1c2VySWQiOjE0LCJ0eXBlIjoiUFJPVklERVIiLCJwcm92aWRlcklkIjozLCJpYXQiOjE2NTg4NDUwNzJ9.3_VihgkkRjARnGCavVtfo3fkYrW2-S9PP8vz18Y0p7g',1,NULL),(344,'2022-07-26 14:18:46.058600','2022-07-26 14:18:46.058600',NULL,68,'eyJhbGciOiJIUzI1NiIsInR5cCI6IkpXVCJ9.eyJ1c2VySWQiOjE0LCJ0eXBlIjoiUFJPVklERVIiLCJwcm92aWRlcklkIjozLCJpYXQiOjE2NTg4NDUxMjZ9.ocOzCAhBC0i00LJki4ZF9mv1uLUxI_70IRsCADkeRpc',1,NULL),(345,'2022-07-26 14:19:03.729770','2022-07-26 14:19:56.000000',NULL,69,'eyJhbGciOiJIUzI1NiIsInR5cCI6IkpXVCJ9.eyJ1c2VySWQiOjY5LCJ0eXBlIjoiY3VzdG9tZXIiLCJjdXN0b21lcklkIjozNSwiaWF0IjoxNjU4ODQ1MTQzfQ.iC01tVhHQpNBtEnG5627PsMDQWYAfyH0ROZuDeAo0uo',0,NULL),(346,'2022-07-26 14:19:56.309770','2022-07-26 14:37:29.000000',NULL,69,'eyJhbGciOiJIUzI1NiIsInR5cCI6IkpXVCJ9.eyJ1c2VySWQiOjY5LCJ0eXBlIjoiQ1VTVE9NRVIiLCJjdXN0b21lcklkIjozNSwiaWF0IjoxNjU4ODQ1MTk2fQ.wo1rg0C5Q_8jlHT_Ms4ovXAQc7adsxQE8YWJdZOV5HM',0,NULL),(347,'2022-07-26 14:24:59.568108','2022-07-26 14:24:59.568108',NULL,70,'eyJhbGciOiJIUzI1NiIsInR5cCI6IkpXVCJ9.eyJ1c2VySWQiOjM3LCJ0eXBlIjoiUFJPVklERVIiLCJwcm92aWRlcklkIjo4LCJpYXQiOjE2NTg4NDU0OTl9.vjAzO-r1p_2Q3jQ6Gp7tkpnZ1mJtK3OIJu3nR1H9JKw',1,NULL),(348,'2022-07-26 14:26:07.724589','2022-07-26 14:26:07.724589',NULL,37,'eyJhbGciOiJIUzI1NiIsInR5cCI6IkpXVCJ9.eyJ1c2VySWQiOjM3LCJ0eXBlIjoiUFJPVklERVIiLCJwcm92aWRlcklkIjo4LCJpYXQiOjE2NTg4NDU1Njd9.I-Vg2XNo1XvpeB64c6OnDeBvLOUrRgtU7msksLAjHDw',1,NULL),(349,'2022-07-26 14:27:42.742681','2022-07-26 14:27:42.742681',NULL,68,'eyJhbGciOiJIUzI1NiIsInR5cCI6IkpXVCJ9.eyJ1c2VySWQiOjE0LCJ0eXBlIjoiUFJPVklERVIiLCJwcm92aWRlcklkIjozLCJpYXQiOjE2NTg4NDU2NjJ9.4rs0Cg0urH_GJtKHwrPQKfAx-R-6gxHLUvdesNcfsbc',1,NULL),(350,'2022-07-26 14:28:21.420131','2022-07-26 14:28:21.420131',NULL,68,'eyJhbGciOiJIUzI1NiIsInR5cCI6IkpXVCJ9.eyJ1c2VySWQiOjE0LCJ0eXBlIjoiUFJPVklERVIiLCJwcm92aWRlcklkIjozLCJpYXQiOjE2NTg4NDU3MDF9.-sS44N_V3RXuwfhv_8G8orNgFkSUTe2WcfDJiEypTRg',1,NULL),(351,'2022-07-26 14:28:44.568867','2022-07-26 14:28:44.568867',NULL,37,'eyJhbGciOiJIUzI1NiIsInR5cCI6IkpXVCJ9.eyJ1c2VySWQiOjM3LCJ0eXBlIjoiUFJPVklERVIiLCJwcm92aWRlcklkIjo4LCJpYXQiOjE2NTg4NDU3MjR9.urJKQxH4t5Zysi__ftkAfFIEL_JWzqaKtpopxKdDvWQ',1,NULL),(352,'2022-07-26 14:31:49.855008','2022-07-26 14:44:33.000000',NULL,1,'eyJhbGciOiJIUzI1NiIsInR5cCI6IkpXVCJ9.eyJ1c2VySWQiOjEsInR5cGUiOiJBRE1JTiIsImlhdCI6MTY1ODg0NTkwOX0.ef6ztWBEXCqKM6cs6B1w-pXYxtymo1ej-2kfF1xke8U',0,NULL),(353,'2022-07-26 14:32:35.482899','2022-07-26 14:32:35.482899',NULL,14,'eyJhbGciOiJIUzI1NiIsInR5cCI6IkpXVCJ9.eyJ1c2VySWQiOjE0LCJ0eXBlIjoiUFJPVklERVIiLCJwcm92aWRlcklkIjozLCJpYXQiOjE2NTg4NDU5NTV9.saJa3fkdc6uB8-yuiyVrWBRnvO8DtjGIOskSMQ7LmTE',1,NULL),(354,'2022-07-26 14:32:41.815267','2022-07-26 14:32:41.815267',NULL,14,'eyJhbGciOiJIUzI1NiIsInR5cCI6IkpXVCJ9.eyJ1c2VySWQiOjE0LCJ0eXBlIjoiUFJPVklERVIiLCJwcm92aWRlcklkIjozLCJpYXQiOjE2NTg4NDU5NjF9.AGNy2sYlMZr8B4ALH0EgjTQrM4H165HUpp4pagnNL-w',1,NULL),(355,'2022-07-26 14:32:46.839817','2022-07-26 14:32:46.839817',NULL,14,'eyJhbGciOiJIUzI1NiIsInR5cCI6IkpXVCJ9.eyJ1c2VySWQiOjE0LCJ0eXBlIjoiUFJPVklERVIiLCJwcm92aWRlcklkIjozLCJpYXQiOjE2NTg4NDU5NjZ9.G4bh48JXH5eDgavcQak5EQ5gjYQMTv0DXlAA4_CehzE',1,NULL),(356,'2022-07-26 14:32:55.142142','2022-07-26 14:32:55.142142',NULL,14,'eyJhbGciOiJIUzI1NiIsInR5cCI6IkpXVCJ9.eyJ1c2VySWQiOjE0LCJ0eXBlIjoiUFJPVklERVIiLCJwcm92aWRlcklkIjozLCJpYXQiOjE2NTg4NDU5NzV9.CH_twDoMW0fv-UVjUyHmcxpYED3YKZJ_wH_NNiFFhU0',1,NULL),(357,'2022-07-26 14:33:08.735662','2022-07-26 14:33:08.735662',NULL,14,'eyJhbGciOiJIUzI1NiIsInR5cCI6IkpXVCJ9.eyJ1c2VySWQiOjE0LCJ0eXBlIjoiUFJPVklERVIiLCJwcm92aWRlcklkIjozLCJpYXQiOjE2NTg4NDU5ODh9.TWFsgPBFr5s4mB_GBVLQs3SnaQsjpKaQfECkCoTyLQI',1,NULL),(358,'2022-07-26 14:33:11.730627','2022-07-26 14:33:11.730627',NULL,14,'eyJhbGciOiJIUzI1NiIsInR5cCI6IkpXVCJ9.eyJ1c2VySWQiOjE0LCJ0eXBlIjoiUFJPVklERVIiLCJwcm92aWRlcklkIjozLCJpYXQiOjE2NTg4NDU5OTF9.zMp6BC1KmHfruDtpG2tO4I-SsUjgICgofvanuOUvmLc',1,NULL),(359,'2022-07-26 14:33:12.244330','2022-07-26 14:33:12.244330',NULL,14,'eyJhbGciOiJIUzI1NiIsInR5cCI6IkpXVCJ9.eyJ1c2VySWQiOjE0LCJ0eXBlIjoiUFJPVklERVIiLCJwcm92aWRlcklkIjozLCJpYXQiOjE2NTg4NDU5OTJ9.IKezAU-nDYchYS4XRPL_OHw3ycTx9A-EV9GrBz07Fhs',1,NULL),(360,'2022-07-26 14:33:12.734357','2022-07-26 14:33:12.734357',NULL,14,'eyJhbGciOiJIUzI1NiIsInR5cCI6IkpXVCJ9.eyJ1c2VySWQiOjE0LCJ0eXBlIjoiUFJPVklERVIiLCJwcm92aWRlcklkIjozLCJpYXQiOjE2NTg4NDU5OTJ9.IKezAU-nDYchYS4XRPL_OHw3ycTx9A-EV9GrBz07Fhs',1,NULL),(361,'2022-07-26 14:33:13.202485','2022-07-26 14:33:13.202485',NULL,14,'eyJhbGciOiJIUzI1NiIsInR5cCI6IkpXVCJ9.eyJ1c2VySWQiOjE0LCJ0eXBlIjoiUFJPVklERVIiLCJwcm92aWRlcklkIjozLCJpYXQiOjE2NTg4NDU5OTN9.oc7KKnBtWDH3GUcErXPJtjtv-l-hW13mRrowg0elBeA',1,NULL),(362,'2022-07-26 14:33:13.757023','2022-07-26 14:33:13.757023',NULL,14,'eyJhbGciOiJIUzI1NiIsInR5cCI6IkpXVCJ9.eyJ1c2VySWQiOjE0LCJ0eXBlIjoiUFJPVklERVIiLCJwcm92aWRlcklkIjozLCJpYXQiOjE2NTg4NDU5OTN9.oc7KKnBtWDH3GUcErXPJtjtv-l-hW13mRrowg0elBeA',1,NULL),(363,'2022-07-26 14:33:35.594654','2022-07-26 14:33:35.594654',NULL,14,'eyJhbGciOiJIUzI1NiIsInR5cCI6IkpXVCJ9.eyJ1c2VySWQiOjE0LCJ0eXBlIjoiUFJPVklERVIiLCJwcm92aWRlcklkIjozLCJpYXQiOjE2NTg4NDYwMTV9.rS9QbBBN5BAsC_VOGxybSaUmT8dLFYwhhBddbrHL1Tk',1,NULL),(364,'2022-07-26 14:33:54.885715','2022-07-26 14:33:54.885715',NULL,14,'eyJhbGciOiJIUzI1NiIsInR5cCI6IkpXVCJ9.eyJ1c2VySWQiOjE0LCJ0eXBlIjoiUFJPVklERVIiLCJwcm92aWRlcklkIjozLCJpYXQiOjE2NTg4NDYwMzR9._nz555viw93UwvXxZvv0FFq-ULjM5n2tJudJj8nWqhw',1,NULL),(365,'2022-07-26 14:34:39.243283','2022-07-26 14:34:39.243283',NULL,68,'eyJhbGciOiJIUzI1NiIsInR5cCI6IkpXVCJ9.eyJ1c2VySWQiOjE0LCJ0eXBlIjoiUFJPVklERVIiLCJwcm92aWRlcklkIjozLCJpYXQiOjE2NTg4NDYwNzl9.m0g50mL47oPJoQvm2s7VX1Y37pgj7cRoGxgXGxTj5KQ',1,NULL),(366,'2022-07-26 14:35:10.307039','2022-07-26 14:35:10.307039',NULL,14,'eyJhbGciOiJIUzI1NiIsInR5cCI6IkpXVCJ9.eyJ1c2VySWQiOjE0LCJ0eXBlIjoiUFJPVklERVIiLCJwcm92aWRlcklkIjozLCJpYXQiOjE2NTg4NDYxMTB9.2YG4EvL_x77iWKDlWrezydI4_83B5WzntfQmVSn8F_0',1,NULL),(367,'2022-07-26 14:35:31.900102','2022-07-26 14:35:31.900102',NULL,14,'eyJhbGciOiJIUzI1NiIsInR5cCI6IkpXVCJ9.eyJ1c2VySWQiOjE0LCJ0eXBlIjoiUFJPVklERVIiLCJwcm92aWRlcklkIjozLCJpYXQiOjE2NTg4NDYxMzF9.lhg3iIhuup9wYLl5AAEdcCOTWalEi9a8B2686F6te4I',1,NULL),(368,'2022-07-26 14:35:44.458675','2022-07-26 14:35:44.458675',NULL,14,'eyJhbGciOiJIUzI1NiIsInR5cCI6IkpXVCJ9.eyJ1c2VySWQiOjE0LCJ0eXBlIjoiUFJPVklERVIiLCJwcm92aWRlcklkIjozLCJpYXQiOjE2NTg4NDYxNDR9.omBU-gWMNYm9rg_otOjBXNCwD_K_HxVFYg_FG4Z3rpE',1,NULL),(369,'2022-07-26 14:36:11.074607','2022-07-26 14:36:11.074607',NULL,37,'eyJhbGciOiJIUzI1NiIsInR5cCI6IkpXVCJ9.eyJ1c2VySWQiOjM3LCJ0eXBlIjoiUFJPVklERVIiLCJwcm92aWRlcklkIjo4LCJpYXQiOjE2NTg4NDYxNzF9.Kss71aRfGmBn96afhuvEyyWMcujnWWvIHEuD9GbIbbk',1,NULL),(370,'2022-07-26 14:36:55.679228','2022-07-26 14:36:55.679228',NULL,68,'eyJhbGciOiJIUzI1NiIsInR5cCI6IkpXVCJ9.eyJ1c2VySWQiOjE0LCJ0eXBlIjoiUFJPVklERVIiLCJwcm92aWRlcklkIjozLCJpYXQiOjE2NTg4NDYyMTV9.nM4qTnPKDE-1z_K8RER2Yd8sIdmWCiZEw1ER2lxi8fM',1,NULL),(371,'2022-07-26 14:37:29.418480','2022-07-26 15:09:54.000000',NULL,69,'eyJhbGciOiJIUzI1NiIsInR5cCI6IkpXVCJ9.eyJ1c2VySWQiOjY5LCJ0eXBlIjoiQ1VTVE9NRVIiLCJjdXN0b21lcklkIjozNSwiaWF0IjoxNjU4ODQ2MjQ5fQ.TDI8_FYvU6tbnl4T2wk3lnXE7oHkEOWsSMnPpNxRvh8',0,NULL),(372,'2022-07-26 14:44:33.696512','2022-07-26 14:56:31.000000',NULL,1,'eyJhbGciOiJIUzI1NiIsInR5cCI6IkpXVCJ9.eyJ1c2VySWQiOjEsInR5cGUiOiJBRE1JTiIsImlhdCI6MTY1ODg0NjY3M30.y5Ut81G2Ig7l1LXaZbh2hhO_SO_O6XQvIN4piiEbDGQ',0,NULL),(373,'2022-07-26 14:51:37.396110','2022-07-26 14:51:37.396110',NULL,37,'eyJhbGciOiJIUzI1NiIsInR5cCI6IkpXVCJ9.eyJ1c2VySWQiOjM3LCJ0eXBlIjoiUFJPVklERVIiLCJwcm92aWRlcklkIjo4LCJpYXQiOjE2NTg4NDcwOTd9.D32olMLIiPRqDJF_2lYeV7zmBiJbHJmaX_IjNqG9OfY',1,NULL),(374,'2022-07-26 14:52:43.628619','2022-07-26 14:52:43.628619',NULL,14,'eyJhbGciOiJIUzI1NiIsInR5cCI6IkpXVCJ9.eyJ1c2VySWQiOjE0LCJ0eXBlIjoiUFJPVklERVIiLCJwcm92aWRlcklkIjozLCJpYXQiOjE2NTg4NDcxNjN9.XNAgbt8LdLnrDYfU2wYix5QhDfGS4dzu0QwLnajAfEE',1,NULL),(375,'2022-07-26 14:52:45.144494','2022-07-26 14:52:45.144494',NULL,14,'eyJhbGciOiJIUzI1NiIsInR5cCI6IkpXVCJ9.eyJ1c2VySWQiOjE0LCJ0eXBlIjoiUFJPVklERVIiLCJwcm92aWRlcklkIjozLCJpYXQiOjE2NTg4NDcxNjV9.OIsEEEscbU1u-kkkTY4p4f_7cxNhy_z0RyrGyGIh_Pc',1,NULL),(376,'2022-07-26 14:53:38.432163','2022-07-26 15:36:28.000000',NULL,6,'eyJhbGciOiJIUzI1NiIsInR5cCI6IkpXVCJ9.eyJ1c2VySWQiOjYsInR5cGUiOiJDVVNUT01FUiIsImN1c3RvbWVySWQiOjMsImlhdCI6MTY1ODg0NzIxOH0.bnyu3z2YyCCHNhAvTllOEfNM2DUVcSskcWIX2hl5W7g',0,NULL),(377,'2022-07-26 14:56:31.473137','2022-07-26 15:01:08.000000',NULL,1,'eyJhbGciOiJIUzI1NiIsInR5cCI6IkpXVCJ9.eyJ1c2VySWQiOjEsInR5cGUiOiJBRE1JTiIsImlhdCI6MTY1ODg0NzM5MX0.wCx2jkbDV4T6aqwGnc_zDvqH2mZOJXy8FmkYfbbvaxA',0,NULL),(378,'2022-07-26 15:01:08.112403','2022-07-26 15:07:05.000000',NULL,1,'eyJhbGciOiJIUzI1NiIsInR5cCI6IkpXVCJ9.eyJ1c2VySWQiOjEsInR5cGUiOiJBRE1JTiIsImlhdCI6MTY1ODg0NzY2OH0.1KYUS7qieCgI412quW76NXD-COO09SrQoemhq1Th_g0',0,NULL),(379,'2022-07-26 15:05:36.397459','2022-07-26 15:05:36.397459',NULL,52,'eyJhbGciOiJIUzI1NiIsInR5cCI6IkpXVCJ9.eyJ1c2VySWQiOjUyLCJ0eXBlIjoiUFJPVklERVIiLCJwcm92aWRlcklkIjoxMywiaWF0IjoxNjU4ODQ3OTM2fQ.YcdwWYLlXSEFxTwMNY7PZf7-SzHuYoA7343gaCQSI7M',1,NULL),(380,'2022-07-26 15:07:05.629154','2022-07-27 07:38:25.000000',NULL,1,'eyJhbGciOiJIUzI1NiIsInR5cCI6IkpXVCJ9.eyJ1c2VySWQiOjEsInR5cGUiOiJBRE1JTiIsImlhdCI6MTY1ODg0ODAyNX0.0NjBLcsWnHYUso5IyDfVZ6ugPaspQ493J_4S6QTVMAM',0,NULL),(381,'2022-07-26 15:09:54.468480','2022-07-26 15:09:54.468480',NULL,69,'eyJhbGciOiJIUzI1NiIsInR5cCI6IkpXVCJ9.eyJ1c2VySWQiOjY5LCJ0eXBlIjoiQ1VTVE9NRVIiLCJjdXN0b21lcklkIjozNSwiaWF0IjoxNjU4ODQ4MTk0fQ.2SanUumuv_Wl-VGt32Sz1lQF9JRiJR1j3M2TPY8hMkg',1,NULL),(382,'2022-07-26 15:30:50.183797','2022-07-26 15:31:31.000000',NULL,71,'eyJhbGciOiJIUzI1NiIsInR5cCI6IkpXVCJ9.eyJ1c2VySWQiOjcxLCJ0eXBlIjoiY3VzdG9tZXIiLCJjdXN0b21lcklkIjozNiwiaWF0IjoxNjU4ODQ5NDUwfQ.yWocFFsiPe02j2ptrpThG4MfRMfSzPxFhY00srAw_ds',0,NULL),(383,'2022-07-26 15:31:31.096363','2022-07-26 15:54:43.000000',NULL,71,'eyJhbGciOiJIUzI1NiIsInR5cCI6IkpXVCJ9.eyJ1c2VySWQiOjcxLCJ0eXBlIjoiQ1VTVE9NRVIiLCJjdXN0b21lcklkIjozNiwiaWF0IjoxNjU4ODQ5NDkxfQ.m9THIuw5lVrQS4QE9cHT7a3e68vpLynWytsr3274aHU',0,NULL),(384,'2022-07-26 15:36:28.824150','2022-07-26 21:17:53.000000',NULL,6,'eyJhbGciOiJIUzI1NiIsInR5cCI6IkpXVCJ9.eyJ1c2VySWQiOjYsInR5cGUiOiJDVVNUT01FUiIsImN1c3RvbWVySWQiOjMsImlhdCI6MTY1ODg0OTc4OH0.P4QrOQAjKjXkVAEoQb5CxoYSM0piBtSOH_eJI94jXuo',0,NULL),(385,'2022-07-26 15:39:56.761979','2022-07-26 15:40:24.000000',NULL,72,'eyJhbGciOiJIUzI1NiIsInR5cCI6IkpXVCJ9.eyJ1c2VySWQiOjcyLCJ0eXBlIjoiY3VzdG9tZXIiLCJjdXN0b21lcklkIjozNywiaWF0IjoxNjU4ODQ5OTk2fQ.ksqZbocJ3AGQjUrAMW6ysQJeisfKA3YrKPRXWL29eK0',0,NULL),(386,'2022-07-26 15:40:24.253810','2022-07-26 16:08:55.000000',NULL,72,'eyJhbGciOiJIUzI1NiIsInR5cCI6IkpXVCJ9.eyJ1c2VySWQiOjcyLCJ0eXBlIjoiQ1VTVE9NRVIiLCJjdXN0b21lcklkIjozNywiaWF0IjoxNjU4ODUwMDI0fQ.HZn9PnfTfW8VZJBf6FeIEM9C3n4jsQCZC0vkjGCINpY',0,NULL),(387,'2022-07-26 15:42:20.718796','2022-07-26 15:42:20.718796',NULL,52,'eyJhbGciOiJIUzI1NiIsInR5cCI6IkpXVCJ9.eyJ1c2VySWQiOjUyLCJ0eXBlIjoiUFJPVklERVIiLCJwcm92aWRlcklkIjoxMywiaWF0IjoxNjU4ODUwMTQwfQ.HyEWq2lToJ56FiAELVfy9xjw-babug_SNOG4e3gSLA8',1,NULL),(388,'2022-07-26 15:54:43.667143','2022-07-26 15:54:43.667143',NULL,71,'eyJhbGciOiJIUzI1NiIsInR5cCI6IkpXVCJ9.eyJ1c2VySWQiOjcxLCJ0eXBlIjoiQ1VTVE9NRVIiLCJjdXN0b21lcklkIjozNiwiaWF0IjoxNjU4ODUwODgzfQ.3gQt2STcKqx4VGfDgf4xKCxCuyu8rYTtMthFUkYNm58',1,NULL),(389,'2022-07-26 15:54:45.568320','2022-07-26 15:54:45.568320',NULL,37,'eyJhbGciOiJIUzI1NiIsInR5cCI6IkpXVCJ9.eyJ1c2VySWQiOjM3LCJ0eXBlIjoiUFJPVklERVIiLCJwcm92aWRlcklkIjo4LCJpYXQiOjE2NTg4NTA4ODV9.AFNG2WMxWpxgYf7RyKbBRwn1slfPPp9UD0_6IE3eud4',1,NULL),(390,'2022-07-26 16:02:49.361068','2022-07-26 17:20:21.000000',NULL,66,'eyJhbGciOiJIUzI1NiIsInR5cCI6IkpXVCJ9.eyJ1c2VySWQiOjY2LCJ0eXBlIjoiQ1VTVE9NRVIiLCJjdXN0b21lcklkIjozNCwiaWF0IjoxNjU4ODUxMzY5fQ.TjEz1-mtUTwfxZOqyuRzFirh9cykBLU9Y46p6LadH8Y',0,NULL),(391,'2022-07-26 16:08:55.107603','2022-07-28 10:40:53.000000',NULL,72,'eyJhbGciOiJIUzI1NiIsInR5cCI6IkpXVCJ9.eyJ1c2VySWQiOjcyLCJ0eXBlIjoiQ1VTVE9NRVIiLCJjdXN0b21lcklkIjozNywiaWF0IjoxNjU4ODUxNzM1fQ.WziOSwrhRdyUgITcdoT7yKEyjDIbCR5iSx6TGU7t4uw',0,NULL),(392,'2022-07-26 17:20:21.994653','2022-07-26 17:20:21.994653',NULL,66,'eyJhbGciOiJIUzI1NiIsInR5cCI6IkpXVCJ9.eyJ1c2VySWQiOjY2LCJ0eXBlIjoiQ1VTVE9NRVIiLCJjdXN0b21lcklkIjozNCwiaWF0IjoxNjU4ODU2MDIxfQ.YT2jsVeclHRMZWZcjJuBN3SulfMuP-RQFIx8G0NZdxQ',1,NULL),(393,'2022-07-26 18:52:20.652896','2022-07-26 18:52:20.652896',NULL,73,'eyJhbGciOiJIUzI1NiIsInR5cCI6IkpXVCJ9.eyJ1c2VySWQiOjczLCJ0eXBlIjoiUFJPVklERVIiLCJwcm92aWRlcklkIjoxNSwiaWF0IjoxNjU4ODYxNTQwfQ.tEDPcduf5kGEs95asKdJSXB-040ztlO9VIMOZ7oAkXM',1,NULL),(394,'2022-07-26 19:10:49.731724','2022-07-26 19:11:07.000000',NULL,74,'eyJhbGciOiJIUzI1NiIsInR5cCI6IkpXVCJ9.eyJ1c2VySWQiOjc0LCJ0eXBlIjoiY3VzdG9tZXIiLCJjdXN0b21lcklkIjozOCwiaWF0IjoxNjU4ODYyNjQ5fQ.ivFVGJn-llSo1_1NI_JsGh1qKF45F0pTBdKpF9WE2hw',0,NULL),(395,'2022-07-26 19:11:07.798572','2022-07-26 19:11:07.798572',NULL,74,'eyJhbGciOiJIUzI1NiIsInR5cCI6IkpXVCJ9.eyJ1c2VySWQiOjc0LCJ0eXBlIjoiQ1VTVE9NRVIiLCJjdXN0b21lcklkIjozOCwiaWF0IjoxNjU4ODYyNjY3fQ.m9nF6Eslmyw44JUaA6iueCZUVM1WLMD4fK9_juNrJ8I',1,NULL),(396,'2022-07-26 19:11:30.885297','2022-07-26 19:11:30.885297',NULL,37,'eyJhbGciOiJIUzI1NiIsInR5cCI6IkpXVCJ9.eyJ1c2VySWQiOjM3LCJ0eXBlIjoiUFJPVklERVIiLCJwcm92aWRlcklkIjo4LCJpYXQiOjE2NTg4NjI2OTB9.YF1KTc-_TbdEBTuO-NWTk6mKrW9oawTO00l77pFzJKs',1,NULL),(397,'2022-07-26 21:17:53.796564','2022-07-26 21:55:15.000000',NULL,6,'eyJhbGciOiJIUzI1NiIsInR5cCI6IkpXVCJ9.eyJ1c2VySWQiOjYsInR5cGUiOiJDVVNUT01FUiIsImN1c3RvbWVySWQiOjMsImlhdCI6MTY1ODg3MDI3M30.wDSbHG6RoBdt4CCnTWhFiBNa-m1QaAhXMgR8eIEJYqg',0,NULL),(398,'2022-07-26 21:45:32.607214','2022-07-26 21:45:59.000000',NULL,75,'eyJhbGciOiJIUzI1NiIsInR5cCI6IkpXVCJ9.eyJ1c2VySWQiOjc1LCJ0eXBlIjoiY3VzdG9tZXIiLCJjdXN0b21lcklkIjozOSwiaWF0IjoxNjU4ODcxOTMyfQ.A246Yl-rxckDLGelZhhBmY63Yh6QH86Me5kLxEgjwno',0,NULL),(399,'2022-07-26 21:45:59.325018','2022-07-26 22:21:40.000000',NULL,75,'eyJhbGciOiJIUzI1NiIsInR5cCI6IkpXVCJ9.eyJ1c2VySWQiOjc1LCJ0eXBlIjoiQ1VTVE9NRVIiLCJjdXN0b21lcklkIjozOSwiaWF0IjoxNjU4ODcxOTU5fQ.7Roeya_ofU105CbbrggvIa03_UdjFtyjfj0ylVsTMtM',0,NULL),(400,'2022-07-26 21:48:43.896800','2022-07-26 21:48:43.896800',NULL,37,'eyJhbGciOiJIUzI1NiIsInR5cCI6IkpXVCJ9.eyJ1c2VySWQiOjM3LCJ0eXBlIjoiUFJPVklERVIiLCJwcm92aWRlcklkIjo4LCJpYXQiOjE2NTg4NzIxMjN9.yShLwPMhNSWGVI8Vy0Ca_rsoI40Du3SBpcuJ7ZSGvcA',1,NULL),(401,'2022-07-26 21:55:15.936530','2022-07-26 22:20:31.000000',NULL,6,'eyJhbGciOiJIUzI1NiIsInR5cCI6IkpXVCJ9.eyJ1c2VySWQiOjYsInR5cGUiOiJDVVNUT01FUiIsImN1c3RvbWVySWQiOjMsImlhdCI6MTY1ODg3MjUxNX0.BHkgytzp42dcB3KFXVN0Ba2zFj29oEJwAmMy1MiOsQs',0,NULL),(402,'2022-07-26 22:18:45.708104','2022-07-26 22:18:45.708104',NULL,79,'eyJhbGciOiJIUzI1NiIsInR5cCI6IkpXVCJ9.eyJ1c2VySWQiOjc5LCJ0eXBlIjoiUFJPVklERVIiLCJwcm92aWRlcklkIjoxOSwiaWF0IjoxNjU4ODczOTI1fQ.YWbKSI8B9zbKxWudP093Lnbi9MGZv0DiuHXF7okQnAo',1,NULL),(403,'2022-07-26 22:20:31.012876','2022-07-27 19:02:08.000000',NULL,6,'eyJhbGciOiJIUzI1NiIsInR5cCI6IkpXVCJ9.eyJ1c2VySWQiOjYsInR5cGUiOiJDVVNUT01FUiIsImN1c3RvbWVySWQiOjMsImlhdCI6MTY1ODg3NDAzMX0.d9BxlnVg2V-sgx03c_aoJ-6NXRfVWiTYDBdSENb97s0',0,NULL),(404,'2022-07-26 22:21:40.390921','2022-07-26 22:21:40.390921',NULL,75,'eyJhbGciOiJIUzI1NiIsInR5cCI6IkpXVCJ9.eyJ1c2VySWQiOjc1LCJ0eXBlIjoiQ1VTVE9NRVIiLCJjdXN0b21lcklkIjozOSwiaWF0IjoxNjU4ODc0MTAwfQ.CIWoMGcWnEI_zOMpSoynwA6s7MCZAmzW-ymPzdljYs8',1,NULL),(405,'2022-07-26 22:46:58.486743','2022-07-26 22:46:58.486743',NULL,79,'eyJhbGciOiJIUzI1NiIsInR5cCI6IkpXVCJ9.eyJ1c2VySWQiOjc5LCJ0eXBlIjoiUFJPVklERVIiLCJwcm92aWRlcklkIjoxOSwiaWF0IjoxNjU4ODc1NjE4fQ.LZm0cOVhCMSHx4Edip8nH_a47kEAdmMgb3fTN998qaY',1,NULL),(406,'2022-07-27 07:38:25.944206','2022-07-27 08:58:53.000000',NULL,1,'eyJhbGciOiJIUzI1NiIsInR5cCI6IkpXVCJ9.eyJ1c2VySWQiOjEsInR5cGUiOiJBRE1JTiIsImlhdCI6MTY1ODkwNzUwNX0.t7NoiLVWQAqxXL2aW30R22t3qqRKSKL-mXlnqiLOhsw',0,NULL),(407,'2022-07-27 07:49:17.235160','2022-07-27 07:49:17.235160',NULL,68,'eyJhbGciOiJIUzI1NiIsInR5cCI6IkpXVCJ9.eyJ1c2VySWQiOjE0LCJ0eXBlIjoiUFJPVklERVIiLCJwcm92aWRlcklkIjozLCJpYXQiOjE2NTg5MDgxNTd9.z8tQFvh4emCA4dQzizepKHHQCOaALzwNwywP3Itdvs8',1,NULL),(408,'2022-07-27 07:49:35.350868','2022-07-27 07:49:35.350868',NULL,68,'eyJhbGciOiJIUzI1NiIsInR5cCI6IkpXVCJ9.eyJ1c2VySWQiOjE0LCJ0eXBlIjoiUFJPVklERVIiLCJwcm92aWRlcklkIjozLCJpYXQiOjE2NTg5MDgxNzV9.Fj9VWxyfSggyus8YXVadFOxrRKU6KGO86PHKT2Roc7I',1,NULL),(409,'2022-07-27 07:52:14.200504','2022-07-27 07:52:14.200504',NULL,68,'eyJhbGciOiJIUzI1NiIsInR5cCI6IkpXVCJ9.eyJ1c2VySWQiOjE0LCJ0eXBlIjoiUFJPVklERVIiLCJwcm92aWRlcklkIjozLCJpYXQiOjE2NTg5MDgzMzR9.XsYKRRnB8YWDeT-9xpHCabBY2zW1dLjIgtHayObMrKM',1,NULL),(410,'2022-07-27 07:52:54.572321','2022-07-27 07:52:54.572321',NULL,68,'eyJhbGciOiJIUzI1NiIsInR5cCI6IkpXVCJ9.eyJ1c2VySWQiOjE0LCJ0eXBlIjoiUFJPVklERVIiLCJwcm92aWRlcklkIjozLCJpYXQiOjE2NTg5MDgzNzR9.IyAnWFWaCi3JaCL1LqXxcTGdXcP3BmXD-apn850CA0o',1,NULL),(411,'2022-07-27 07:53:45.280507','2022-07-27 07:53:45.280507',NULL,68,'eyJhbGciOiJIUzI1NiIsInR5cCI6IkpXVCJ9.eyJ1c2VySWQiOjE0LCJ0eXBlIjoiUFJPVklERVIiLCJwcm92aWRlcklkIjozLCJpYXQiOjE2NTg5MDg0MjV9.u02M-6t99vQ0iTkRfogx49My9tZY2clP2bnJ-3KBOR8',1,NULL),(412,'2022-07-27 08:58:53.277347','2022-07-27 09:03:49.000000',NULL,1,'eyJhbGciOiJIUzI1NiIsInR5cCI6IkpXVCJ9.eyJ1c2VySWQiOjEsInR5cGUiOiJBRE1JTiIsImlhdCI6MTY1ODkxMjMzM30.uLM-MisnfPurdoSrmwfzvwt8tc7v2-BJZsg3glCJMjc',0,NULL),(413,'2022-07-27 09:03:49.321890','2022-07-27 13:19:58.000000',NULL,1,'eyJhbGciOiJIUzI1NiIsInR5cCI6IkpXVCJ9.eyJ1c2VySWQiOjEsInR5cGUiOiJBRE1JTiIsImlhdCI6MTY1ODkxMjYyOX0.JzoBofwDtCfgfg0EfX9RSoNuYsukYBraIcGhDgUzk_k',0,NULL),(414,'2022-07-27 13:19:58.113204','2022-07-28 09:21:42.000000',NULL,1,'eyJhbGciOiJIUzI1NiIsInR5cCI6IkpXVCJ9.eyJ1c2VySWQiOjEsInR5cGUiOiJBRE1JTiIsImlhdCI6MTY1ODkyNzk5OH0.XIo5JEt0LNM2H2KlQsMEDCG3zQd-AcWdXt9oi0P6oH4',0,NULL),(415,'2022-07-27 19:02:08.618788','2022-07-27 19:21:03.000000',NULL,6,'eyJhbGciOiJIUzI1NiIsInR5cCI6IkpXVCJ9.eyJ1c2VySWQiOjYsInR5cGUiOiJDVVNUT01FUiIsImN1c3RvbWVySWQiOjMsImlhdCI6MTY1ODk0ODUyOH0.RIW8wDrF9CuTq3LWKYOpRY1XlbDK4Gyf7ezy4mWeieg',0,NULL),(416,'2022-07-27 19:02:45.525313','2022-07-27 19:02:45.525313',NULL,37,'eyJhbGciOiJIUzI1NiIsInR5cCI6IkpXVCJ9.eyJ1c2VySWQiOjM3LCJ0eXBlIjoiUFJPVklERVIiLCJwcm92aWRlcklkIjo4LCJpYXQiOjE2NTg5NDg1NjV9.mmB4Y5_xGGX-4Myvrwzu3uBD79fjEXc2um-R2iNVKD4',1,NULL),(417,'2022-07-27 19:21:03.917354','2022-07-27 20:37:27.000000',NULL,6,'eyJhbGciOiJIUzI1NiIsInR5cCI6IkpXVCJ9.eyJ1c2VySWQiOjYsInR5cGUiOiJDVVNUT01FUiIsImN1c3RvbWVySWQiOjMsImlhdCI6MTY1ODk0OTY2M30.hDG-1I4OOzuuMHMAXHHa86_ppomScrQABq7n6bNzvlc',0,NULL),(418,'2022-07-27 19:21:25.308246','2022-07-27 19:21:25.308246',NULL,37,'eyJhbGciOiJIUzI1NiIsInR5cCI6IkpXVCJ9.eyJ1c2VySWQiOjM3LCJ0eXBlIjoiUFJPVklERVIiLCJwcm92aWRlcklkIjo4LCJpYXQiOjE2NTg5NDk2ODV9.G2iIgR91DGazVcIqHzbtPgYWAV82klJCzqKUQuvOU88',1,NULL),(419,'2022-07-27 20:37:27.203057','2022-07-28 11:02:37.000000',NULL,6,'eyJhbGciOiJIUzI1NiIsInR5cCI6IkpXVCJ9.eyJ1c2VySWQiOjYsInR5cGUiOiJDVVNUT01FUiIsImN1c3RvbWVySWQiOjMsImlhdCI6MTY1ODk1NDI0N30.JAgmgUreyOWYmR-STx6gibeHYuq5INli0icbOTCqiJc',0,NULL),(420,'2022-07-27 21:01:33.102519','2022-07-27 21:01:33.102519',NULL,37,'eyJhbGciOiJIUzI1NiIsInR5cCI6IkpXVCJ9.eyJ1c2VySWQiOjM3LCJ0eXBlIjoiUFJPVklERVIiLCJwcm92aWRlcklkIjo4LCJpYXQiOjE2NTg5NTU2OTN9.T4oNniRB3qcUU7LMcaucsJ53tg1qjxdlKtL5KY0Zd-I',1,NULL),(421,'2022-07-28 09:21:42.277306','2022-07-28 17:31:37.000000',NULL,1,'eyJhbGciOiJIUzI1NiIsInR5cCI6IkpXVCJ9.eyJ1c2VySWQiOjEsInR5cGUiOiJBRE1JTiIsImlhdCI6MTY1OTAwMDEwMn0.7PHMQD23liAk7_pOv6TV573x00_t6Rp-RqD_9ckiGMU',0,NULL),(422,'2022-07-28 09:24:44.972661','2022-07-28 09:24:44.972661',NULL,14,'eyJhbGciOiJIUzI1NiIsInR5cCI6IkpXVCJ9.eyJ1c2VySWQiOjE0LCJ0eXBlIjoiUFJPVklERVIiLCJwcm92aWRlcklkIjozLCJpYXQiOjE2NTkwMDAyODR9.7u7ifZaXK9NAcw-BnVvhKGA-FfUy2TPB2SycW_unrqQ',1,NULL),(423,'2022-07-28 09:25:41.887119','2022-07-28 09:25:41.887119',NULL,14,'eyJhbGciOiJIUzI1NiIsInR5cCI6IkpXVCJ9.eyJ1c2VySWQiOjE0LCJ0eXBlIjoiUFJPVklERVIiLCJwcm92aWRlcklkIjozLCJpYXQiOjE2NTkwMDAzNDF9.PrcNhKPc8SUHuYJimi74bhgQRjtY-oO8jrkiHs6GgXk',1,NULL),(424,'2022-07-28 09:25:54.082103','2022-07-28 09:25:54.082103',NULL,14,'eyJhbGciOiJIUzI1NiIsInR5cCI6IkpXVCJ9.eyJ1c2VySWQiOjE0LCJ0eXBlIjoiUFJPVklERVIiLCJwcm92aWRlcklkIjozLCJpYXQiOjE2NTkwMDAzNTR9.3cPVCyvvHL-rh6UvlV1s7bmKQkla4gD0AOkJ0XlLH6k',1,NULL),(425,'2022-07-28 10:40:53.968902','2022-07-28 10:40:53.968902',NULL,72,'eyJhbGciOiJIUzI1NiIsInR5cCI6IkpXVCJ9.eyJ1c2VySWQiOjcyLCJ0eXBlIjoiQ1VTVE9NRVIiLCJjdXN0b21lcklkIjozNywiaWF0IjoxNjU5MDA0ODUzfQ.2EChaZph3ug9OcYVJqCsG-fIwRhy8K5GD7TxX40mqaU',1,NULL),(426,'2022-07-28 11:02:37.751153','2022-07-28 17:04:00.000000',NULL,6,'eyJhbGciOiJIUzI1NiIsInR5cCI6IkpXVCJ9.eyJ1c2VySWQiOjYsInR5cGUiOiJDVVNUT01FUiIsImN1c3RvbWVySWQiOjMsImlhdCI6MTY1OTAwNjE1N30.X5Wrxkw-xfK6qNSg45fRcc8yox_YNbtQZFkPNhj250I',0,NULL),(427,'2022-07-28 11:59:40.615576','2022-07-28 11:59:40.615576',NULL,32,'eyJhbGciOiJIUzI1NiIsInR5cCI6IkpXVCJ9.eyJ1c2VySWQiOjMyLCJ0eXBlIjoiUFJPVklERVIiLCJwcm92aWRlcklkIjo3LCJpYXQiOjE2NTkwMDk1ODB9.qwnnE2blQ12FFqOGlRA4CBf5HGvJwn1JmCnAzMq_tQY',1,NULL),(428,'2022-07-28 11:59:42.081710','2022-07-28 11:59:42.081710',NULL,32,'eyJhbGciOiJIUzI1NiIsInR5cCI6IkpXVCJ9.eyJ1c2VySWQiOjMyLCJ0eXBlIjoiUFJPVklERVIiLCJwcm92aWRlcklkIjo3LCJpYXQiOjE2NTkwMDk1ODF9.mgr0Aqy9ouC3uRc4-tww47y4J9Kt-wTGVDQcCOKyKp0',1,NULL),(429,'2022-07-28 11:59:42.098991','2022-07-28 11:59:42.098991',NULL,32,'eyJhbGciOiJIUzI1NiIsInR5cCI6IkpXVCJ9.eyJ1c2VySWQiOjMyLCJ0eXBlIjoiUFJPVklERVIiLCJwcm92aWRlcklkIjo3LCJpYXQiOjE2NTkwMDk1ODF9.mgr0Aqy9ouC3uRc4-tww47y4J9Kt-wTGVDQcCOKyKp0',1,NULL),(430,'2022-07-28 11:59:42.113089','2022-07-28 11:59:42.113089',NULL,32,'eyJhbGciOiJIUzI1NiIsInR5cCI6IkpXVCJ9.eyJ1c2VySWQiOjMyLCJ0eXBlIjoiUFJPVklERVIiLCJwcm92aWRlcklkIjo3LCJpYXQiOjE2NTkwMDk1ODJ9.DQCZNmv_vQMxROHRGjijMfUHRGDx6PkZMkjs-A4uXEw',1,NULL),(431,'2022-07-28 17:04:00.832805','2022-07-28 17:14:21.000000',NULL,6,'eyJhbGciOiJIUzI1NiIsInR5cCI6IkpXVCJ9.eyJ1c2VySWQiOjYsInR5cGUiOiJDVVNUT01FUiIsImN1c3RvbWVySWQiOjMsImlhdCI6MTY1OTAyNzg0MH0.nqdFUTk9ngPgNMe5glQETDR48gvYZFe05aQogv7V3m0',0,NULL),(432,'2022-07-28 17:04:29.144813','2022-07-28 17:04:29.144813',NULL,37,'eyJhbGciOiJIUzI1NiIsInR5cCI6IkpXVCJ9.eyJ1c2VySWQiOjM3LCJ0eXBlIjoiUFJPVklERVIiLCJwcm92aWRlcklkIjo4LCJpYXQiOjE2NTkwMjc4Njl9.K_GcQduxYFJ4kw0ktCgffj8clS0dO8BKAkZcmve7qGI',1,NULL),(433,'2022-07-28 17:14:21.895164','2022-07-28 17:35:00.000000',NULL,6,'eyJhbGciOiJIUzI1NiIsInR5cCI6IkpXVCJ9.eyJ1c2VySWQiOjYsInR5cGUiOiJDVVNUT01FUiIsImN1c3RvbWVySWQiOjMsImlhdCI6MTY1OTAyODQ2MX0.RsuNL2Aup9vDTBF4Fo9Qxj3KBXIYCIEYqOH_JkpHPOs',0,NULL),(434,'2022-07-28 17:16:58.758745','2022-07-28 17:16:58.758745',NULL,37,'eyJhbGciOiJIUzI1NiIsInR5cCI6IkpXVCJ9.eyJ1c2VySWQiOjM3LCJ0eXBlIjoiUFJPVklERVIiLCJwcm92aWRlcklkIjo4LCJpYXQiOjE2NTkwMjg2MTh9.TjVARfTz_WQgAZCnS7OIqQYt2NqGdZoci0WV3zt_rjg',1,NULL),(435,'2022-07-28 17:30:26.842360','2022-07-28 17:30:26.842360',NULL,73,'eyJhbGciOiJIUzI1NiIsInR5cCI6IkpXVCJ9.eyJ1c2VySWQiOjczLCJ0eXBlIjoiUFJPVklERVIiLCJwcm92aWRlcklkIjoxNSwiaWF0IjoxNjU5MDI5NDI2fQ.zoyDht2l2c7YuUSntEiIPlYC3wYWuHyg4uN-hS9ySkg',1,NULL),(436,'2022-07-28 17:31:37.340334','2022-07-30 09:45:49.000000',NULL,1,'eyJhbGciOiJIUzI1NiIsInR5cCI6IkpXVCJ9.eyJ1c2VySWQiOjEsInR5cGUiOiJBRE1JTiIsImlhdCI6MTY1OTAyOTQ5N30.W7-FIIa1n9CyAGPJVIPyxPj3Hel8bRVkUE0zYGJaBM8',0,NULL),(437,'2022-07-28 17:35:00.253952','2022-07-28 19:57:50.000000',NULL,6,'eyJhbGciOiJIUzI1NiIsInR5cCI6IkpXVCJ9.eyJ1c2VySWQiOjYsInR5cGUiOiJDVVNUT01FUiIsImN1c3RvbWVySWQiOjMsImlhdCI6MTY1OTAyOTcwMH0.O9vA1qsodjR7YEgyp_Q7mUlHDunNOJDsZ16lD1PxAMU',0,NULL),(438,'2022-07-28 19:57:50.354342','2022-07-30 08:29:38.000000',NULL,6,'eyJhbGciOiJIUzI1NiIsInR5cCI6IkpXVCJ9.eyJ1c2VySWQiOjYsInR5cGUiOiJDVVNUT01FUiIsImN1c3RvbWVySWQiOjMsImlhdCI6MTY1OTAzODI3MH0.G77m77l6AvF1q5b8KIZBC33BpBq35YGv3x1pYiqSTBM',0,NULL),(439,'2022-07-30 08:29:38.063279','2022-07-30 14:41:53.000000',NULL,6,'eyJhbGciOiJIUzI1NiIsInR5cCI6IkpXVCJ9.eyJ1c2VySWQiOjYsInR5cGUiOiJDVVNUT01FUiIsImN1c3RvbWVySWQiOjMsImlhdCI6MTY1OTE2OTc3OH0.NIFGUoXBEOuHG0EWDjGL8dtbyr9TnvgdKXOko2WhAwk',0,NULL),(440,'2022-07-30 09:45:49.543052','2022-07-30 10:11:04.000000',NULL,1,'eyJhbGciOiJIUzI1NiIsInR5cCI6IkpXVCJ9.eyJ1c2VySWQiOjEsInR5cGUiOiJBRE1JTiIsImlhdCI6MTY1OTE3NDM0OX0.F8Y3Nnv4csKcl1EfTLG6gucNfxVS2csqe1Fj_tIx65w',0,NULL),(441,'2022-07-30 10:11:04.760723','2022-07-31 09:16:22.000000',NULL,1,'eyJhbGciOiJIUzI1NiIsInR5cCI6IkpXVCJ9.eyJ1c2VySWQiOjEsInR5cGUiOiJBRE1JTiIsImlhdCI6MTY1OTE3NTg2NH0.eEMjZddBzUo0IgqnTyDDPF1tncKjjz0vTKFgj58hebs',0,NULL),(442,'2022-07-30 14:41:53.860638','2022-07-30 17:25:42.000000',NULL,6,'eyJhbGciOiJIUzI1NiIsInR5cCI6IkpXVCJ9.eyJ1c2VySWQiOjYsInR5cGUiOiJDVVNUT01FUiIsImN1c3RvbWVySWQiOjMsImlhdCI6MTY1OTE5MjExM30.HriTyelw7CoUaZFJxEzxP6C3CHOAVSpsor7jmqORp0U',0,NULL),(443,'2022-07-30 17:25:42.060109','2022-07-31 17:20:20.000000',NULL,6,'eyJhbGciOiJIUzI1NiIsInR5cCI6IkpXVCJ9.eyJ1c2VySWQiOjYsInR5cGUiOiJDVVNUT01FUiIsImN1c3RvbWVySWQiOjMsImlhdCI6MTY1OTIwMTk0Mn0.7B_GRlm6FkFwvFyc_07rkrgBqsn8OXlvk2DiPjoBhwY',0,NULL),(444,'2022-07-31 09:16:22.290609','2022-07-31 18:49:35.000000',NULL,1,'eyJhbGciOiJIUzI1NiIsInR5cCI6IkpXVCJ9.eyJ1c2VySWQiOjEsInR5cGUiOiJBRE1JTiIsImlhdCI6MTY1OTI1ODk4Mn0.EE-b0nTpKnZ70s8hBdp_INKwMq-Lqq4WZio8rKPXLmg',0,NULL),(445,'2022-07-31 17:20:20.137079','2022-07-31 18:55:07.000000',NULL,6,'eyJhbGciOiJIUzI1NiIsInR5cCI6IkpXVCJ9.eyJ1c2VySWQiOjYsInR5cGUiOiJDVVNUT01FUiIsImN1c3RvbWVySWQiOjMsImlhdCI6MTY1OTI4ODAyMH0.GkqplqUmcMD1O6mf1q6_1qcNob9EH293UT5tt-qmdTc',0,NULL),(446,'2022-07-31 17:21:28.474594','2022-07-31 17:21:28.474594',NULL,14,'eyJhbGciOiJIUzI1NiIsInR5cCI6IkpXVCJ9.eyJ1c2VySWQiOjE0LCJ0eXBlIjoiUFJPVklERVIiLCJwcm92aWRlcklkIjozLCJpYXQiOjE2NTkyODgwODh9.uan4kIYH61ccGqZ2ndh-BBQCKFSk66ThBq011Id6aHs',1,NULL),(447,'2022-07-31 17:22:50.836356','2022-07-31 17:22:50.836356',NULL,37,'eyJhbGciOiJIUzI1NiIsInR5cCI6IkpXVCJ9.eyJ1c2VySWQiOjM3LCJ0eXBlIjoiUFJPVklERVIiLCJwcm92aWRlcklkIjo4LCJpYXQiOjE2NTkyODgxNzB9.GMi33l5Vz7XNxuhzZ98clmNUUBLg-r4A681KPZjI7vY',1,NULL),(448,'2022-07-31 18:49:35.877864','2022-07-31 18:49:35.877864',NULL,1,'eyJhbGciOiJIUzI1NiIsInR5cCI6IkpXVCJ9.eyJ1c2VySWQiOjEsInR5cGUiOiJBRE1JTiIsImlhdCI6MTY1OTI5MzM3NX0.Q4KovzQ1v3Nkb12V3e8rXQoU-31hlYb5_lb5lvXvueI',1,NULL),(449,'2022-07-31 18:51:20.503908','2022-07-31 18:51:20.503908',NULL,85,'eyJhbGciOiJIUzI1NiIsInR5cCI6IkpXVCJ9.eyJ1c2VySWQiOjg1LCJ0eXBlIjoiUFJPVklERVIiLCJwcm92aWRlcklkIjoyNCwiaWF0IjoxNjU5MjkzNDgwfQ.DqcN3lz0HtD0pCCDim729QR0JtGjK9Pwlz6N0IDityY',1,NULL),(450,'2022-07-31 18:51:34.751322','2022-07-31 18:51:34.751322',NULL,85,'eyJhbGciOiJIUzI1NiIsInR5cCI6IkpXVCJ9.eyJ1c2VySWQiOjg1LCJ0eXBlIjoiUFJPVklERVIiLCJwcm92aWRlcklkIjoyNCwiaWF0IjoxNjU5MjkzNDk0fQ.XXsUTDT2pTbqw1t3yV4fi-3hoAa4RR_q4pEqtREibSE',1,NULL),(451,'2022-07-31 18:55:07.514320','2022-08-01 09:33:45.000000',NULL,6,'eyJhbGciOiJIUzI1NiIsInR5cCI6IkpXVCJ9.eyJ1c2VySWQiOjYsInR5cGUiOiJDVVNUT01FUiIsImN1c3RvbWVySWQiOjMsImlhdCI6MTY1OTI5MzcwN30.UOPmgsUMz1ac8Hhd7F33UJbon69giz8Ho7NStg7Kk9I',0,NULL),(452,'2022-07-31 18:56:15.577118','2022-07-31 18:56:15.577118',NULL,85,'eyJhbGciOiJIUzI1NiIsInR5cCI6IkpXVCJ9.eyJ1c2VySWQiOjg1LCJ0eXBlIjoiUFJPVklERVIiLCJwcm92aWRlcklkIjoyNCwiaWF0IjoxNjU5MjkzNzc1fQ.n-Q3R2urYj1XPwAhxeLW_4L-El_zpGzr3aYuZ6V6NCU',1,NULL),(453,'2022-07-31 19:01:47.554214','2022-07-31 19:01:47.554214',NULL,85,'eyJhbGciOiJIUzI1NiIsInR5cCI6IkpXVCJ9.eyJ1c2VySWQiOjg1LCJ0eXBlIjoiUFJPVklERVIiLCJwcm92aWRlcklkIjoyNCwiaWF0IjoxNjU5Mjk0MTA3fQ.kvbEuTe9I_KRya6RWKpMZYovGSTxrUIKQfy1U7y1Oyg',1,NULL),(454,'2022-07-31 19:05:24.261561','2022-07-31 19:05:24.261561',NULL,85,'eyJhbGciOiJIUzI1NiIsInR5cCI6IkpXVCJ9.eyJ1c2VySWQiOjg1LCJ0eXBlIjoiUFJPVklERVIiLCJwcm92aWRlcklkIjoyNCwiaWF0IjoxNjU5Mjk0MzI0fQ.FGu-xPCdHVbCf7JbgscP3ece_yzQ_ygdIfHhAeoH3RM',1,NULL),(455,'2022-08-01 09:33:45.460735','2022-08-01 12:06:35.000000',NULL,6,'eyJhbGciOiJIUzI1NiIsInR5cCI6IkpXVCJ9.eyJ1c2VySWQiOjYsInR5cGUiOiJDVVNUT01FUiIsImN1c3RvbWVySWQiOjMsImlhdCI6MTY1OTM0NjQyNX0.MmoR2gbFBJ5ePgPRQGTcJT54ABmItFqU5hqcuUMKANQ',0,NULL),(456,'2022-08-01 12:06:35.062636','2022-08-01 12:11:01.000000',NULL,6,'eyJhbGciOiJIUzI1NiIsInR5cCI6IkpXVCJ9.eyJ1c2VySWQiOjYsInR5cGUiOiJDVVNUT01FUiIsImN1c3RvbWVySWQiOjMsImlhdCI6MTY1OTM1NTU5NX0.NCmxMeHrY1fHrum8zAMNneq9x8aOr2zNvDT6oIkYtQY',0,NULL),(457,'2022-08-01 12:11:01.390118','2022-08-01 12:11:01.390118',NULL,6,'eyJhbGciOiJIUzI1NiIsInR5cCI6IkpXVCJ9.eyJ1c2VySWQiOjYsInR5cGUiOiJDVVNUT01FUiIsImN1c3RvbWVySWQiOjMsImlhdCI6MTY1OTM1NTg2MX0.d0CCJebH1hEyJjLhzOu9JUNt2Lr1gq5Da3FphF88TWg',1,NULL),(458,'2022-08-01 12:12:51.600299','2022-08-01 12:14:06.000000',NULL,89,'eyJhbGciOiJIUzI1NiIsInR5cCI6IkpXVCJ9.eyJ1c2VySWQiOjg5LCJ0eXBlIjoiY3VzdG9tZXIiLCJjdXN0b21lcklkIjo0MywiaWF0IjoxNjU5MzU1OTcxfQ.Acqx0wJqpyl1bulylfrc0aNulFRxJxajSEJR9PsVWuw',0,NULL),(459,'2022-08-01 12:14:06.456958','2022-08-01 12:14:06.456958',NULL,89,'eyJhbGciOiJIUzI1NiIsInR5cCI6IkpXVCJ9.eyJ1c2VySWQiOjg5LCJ0eXBlIjoiQ1VTVE9NRVIiLCJjdXN0b21lcklkIjo0MywiaWF0IjoxNjU5MzU2MDQ2fQ.4R99bnocbCHrSAlJyWRFWT2GWfkTVF7-7Y637WtS-LE',1,NULL),(460,'2022-08-01 12:15:06.520778','2022-08-01 12:15:06.520778',NULL,37,'eyJhbGciOiJIUzI1NiIsInR5cCI6IkpXVCJ9.eyJ1c2VySWQiOjM3LCJ0eXBlIjoiUFJPVklERVIiLCJwcm92aWRlcklkIjo4LCJpYXQiOjE2NTkzNTYxMDZ9.41mJOOkfE-Z6Bg3C0IljAl5k72ubcDVIGZJy7sSWE3o',1,NULL),(461,'2022-08-01 14:34:33.801528','2022-08-01 14:35:27.000000',NULL,90,'eyJhbGciOiJIUzI1NiIsInR5cCI6IkpXVCJ9.eyJ1c2VySWQiOjkwLCJ0eXBlIjoiY3VzdG9tZXIiLCJjdXN0b21lcklkIjo0NCwiaWF0IjoxNjU5MzY0NDczfQ.0j7FY5Rqf115NquPIoHn8_FWhjLR19wjs6GTG_aRGtY',0,NULL),(462,'2022-08-01 14:35:27.014677','2022-08-01 14:35:27.014677',NULL,90,'eyJhbGciOiJIUzI1NiIsInR5cCI6IkpXVCJ9.eyJ1c2VySWQiOjkwLCJ0eXBlIjoiQ1VTVE9NRVIiLCJjdXN0b21lcklkIjo0NCwiaWF0IjoxNjU5MzY0NTI3fQ.qQ-I0NzgHDzWUURd0ck8jqd8P-wJnhRoBOMyP5k35GA',1,NULL),(463,'2022-08-01 14:37:14.255049','2022-08-01 14:37:14.255049',NULL,37,'eyJhbGciOiJIUzI1NiIsInR5cCI6IkpXVCJ9.eyJ1c2VySWQiOjM3LCJ0eXBlIjoiUFJPVklERVIiLCJwcm92aWRlcklkIjo4LCJpYXQiOjE2NTkzNjQ2MzR9.mVkYlYlbtz0ewtc0yakZTJnKsYo68lqImWxnTnD61qU',1,NULL);
/*!40000 ALTER TABLE `session` ENABLE KEYS */;
UNLOCK TABLES;

--
-- Table structure for table `system_configuration`
--

DROP TABLE IF EXISTS `system_configuration`;
/*!40101 SET @saved_cs_client     = @@character_set_client */;
/*!50503 SET character_set_client = utf8mb4 */;
CREATE TABLE `system_configuration` (
  `id` int NOT NULL AUTO_INCREMENT,
  `createdAt` datetime(6) NOT NULL DEFAULT CURRENT_TIMESTAMP(6),
  `updatedAt` datetime(6) NOT NULL DEFAULT CURRENT_TIMESTAMP(6) ON UPDATE CURRENT_TIMESTAMP(6),
  `deletedAt` datetime(6) DEFAULT NULL,
  `key` varchar(255) NOT NULL,
  `value` varchar(255) NOT NULL,
  PRIMARY KEY (`id`),
  UNIQUE KEY `IDX_5e8c14e0018c85cac099865aa1` (`key`)
) ENGINE=InnoDB AUTO_INCREMENT=5 DEFAULT CHARSET=utf8mb4 COLLATE=utf8mb4_0900_ai_ci;
/*!40101 SET character_set_client = @saved_cs_client */;

--
-- Dumping data for table `system_configuration`
--

LOCK TABLES `system_configuration` WRITE;
/*!40000 ALTER TABLE `system_configuration` DISABLE KEYS */;
INSERT INTO `system_configuration` VALUES (1,'2022-07-07 12:46:52.416025','2022-07-25 11:17:26.000000',NULL,'GIFTING_FEES','1'),(2,'2022-07-27 09:02:52.162684','2022-07-27 09:02:52.162684',NULL,'INACTIVE_DAYS_TO_BAN','30'),(3,'2022-07-27 09:02:52.182603','2022-07-27 09:02:52.182603',NULL,'MAXIMUM_DAILY_TRANSACTIONS','50'),(4,'2022-07-27 09:02:52.211473','2022-07-27 09:02:52.211473',NULL,'MAXIMUM_DAILY_OUTGOING_POINTS','50000');
/*!40000 ALTER TABLE `system_configuration` ENABLE KEYS */;
UNLOCK TABLES;

--
-- Table structure for table `transaction`
--

DROP TABLE IF EXISTS `transaction`;
/*!40101 SET @saved_cs_client     = @@character_set_client */;
/*!50503 SET character_set_client = utf8mb4 */;
CREATE TABLE `transaction` (
  `id` int NOT NULL AUTO_INCREMENT,
  `createdAt` datetime(6) NOT NULL DEFAULT CURRENT_TIMESTAMP(6),
  `updatedAt` datetime(6) NOT NULL DEFAULT CURRENT_TIMESTAMP(6) ON UPDATE CURRENT_TIMESTAMP(6),
  `deletedAt` datetime(6) DEFAULT NULL,
  `trxNumber` int NOT NULL,
  `fromWalletId` int NOT NULL,
  `toWalletId` int NOT NULL,
  `amount` float NOT NULL,
  `pointType` enum('نقاط بيضاء') NOT NULL DEFAULT 'نقاط بيضاء',
  `transactionType` enum('TRANSFER','GIFT','PURCHASE','FEES') NOT NULL,
  `cashierId` int DEFAULT NULL,
  `status` enum('PENDING','CONFIRMED','CANCELLED') NOT NULL DEFAULT 'PENDING',
  PRIMARY KEY (`id`),
  UNIQUE KEY `UQ_TRX` (`id`,`trxNumber`),
  KEY `FK_b9d77fd2c02fca861e9aa83789b` (`fromWalletId`),
  KEY `FK_24d9810c9ce0c337e1dfa15ef26` (`toWalletId`),
  KEY `FK_e53a2c158ed495715345132454d` (`cashierId`),
  CONSTRAINT `FK_24d9810c9ce0c337e1dfa15ef26` FOREIGN KEY (`toWalletId`) REFERENCES `wallet` (`id`),
  CONSTRAINT `FK_b9d77fd2c02fca861e9aa83789b` FOREIGN KEY (`fromWalletId`) REFERENCES `wallet` (`id`),
  CONSTRAINT `FK_e53a2c158ed495715345132454d` FOREIGN KEY (`cashierId`) REFERENCES `cashier` (`id`)
) ENGINE=InnoDB AUTO_INCREMENT=189 DEFAULT CHARSET=utf8mb4 COLLATE=utf8mb4_0900_ai_ci;
/*!40101 SET character_set_client = @saved_cs_client */;

--
-- Dumping data for table `transaction`
--

LOCK TABLES `transaction` WRITE;
/*!40000 ALTER TABLE `transaction` DISABLE KEYS */;
INSERT INTO `transaction` VALUES (1,'2022-07-07 17:50:54.991280','2022-07-07 17:50:54.991280',NULL,163908954,1,2,10000,'نقاط بيضاء','TRANSFER',NULL,'CONFIRMED'),(2,'2022-07-07 17:52:14.720598','2022-07-07 17:52:14.720598',NULL,429682928,2,4,20,'نقاط بيضاء','FEES',NULL,'CONFIRMED'),(3,'2022-07-07 17:52:14.726440','2022-07-07 17:52:14.000000',NULL,452426924,2,3,1100,'نقاط بيضاء','TRANSFER',NULL,'CONFIRMED'),(4,'2022-07-07 17:53:01.008904','2022-07-07 17:53:01.008904',NULL,123099615,3,2,100,'نقاط بيضاء','PURCHASE',NULL,'CONFIRMED'),(5,'2022-07-07 19:24:04.391939','2022-07-07 19:24:04.391939',NULL,865316666,1,5,100000,'نقاط بيضاء','TRANSFER',NULL,'CONFIRMED'),(6,'2022-07-07 19:25:43.388764','2022-07-07 19:25:43.388764',NULL,401336525,4,2,20,'نقاط بيضاء','PURCHASE',NULL,'CONFIRMED'),(7,'2022-07-07 19:51:25.842647','2022-07-07 19:51:25.842647',NULL,622966879,3,2,1000,'نقاط بيضاء','PURCHASE',NULL,'CONFIRMED'),(8,'2022-07-07 19:52:35.725819','2022-07-07 19:52:35.725819',NULL,708823466,5,7,50,'نقاط بيضاء','FEES',NULL,'CONFIRMED'),(9,'2022-07-07 19:52:35.737679','2022-07-07 19:52:35.000000',NULL,279620242,5,6,1100,'نقاط بيضاء','TRANSFER',NULL,'CONFIRMED'),(10,'2022-07-07 19:57:19.888187','2022-07-07 19:57:19.888187',NULL,557074604,6,5,900,'نقاط بيضاء','PURCHASE',NULL,'CONFIRMED'),(11,'2022-07-08 13:25:21.683575','2022-07-08 13:25:21.683575',NULL,596936559,6,5,200,'نقاط بيضاء','PURCHASE',NULL,'CONFIRMED'),(12,'2022-07-10 20:16:28.889823','2022-07-10 20:16:28.000000',NULL,607024266,7,6,50,'نقاط بيضاء','GIFT',NULL,'CONFIRMED'),(13,'2022-07-12 19:06:37.174093','2022-07-12 19:06:37.174093',NULL,342055164,2,4,20,'نقاط بيضاء','FEES',NULL,'CONFIRMED'),(14,'2022-07-12 19:06:37.177920','2022-07-12 19:06:37.000000',NULL,755750369,2,3,1100,'نقاط بيضاء','TRANSFER',NULL,'CONFIRMED'),(15,'2022-07-12 19:08:59.893773','2022-07-12 19:08:59.893773',NULL,267461874,3,2,500,'نقاط بيضاء','PURCHASE',NULL,'CONFIRMED'),(16,'2022-07-12 20:44:50.306432','2022-07-12 20:44:50.306432',NULL,289990492,1,8,100000,'نقاط بيضاء','TRANSFER',NULL,'CONFIRMED'),(17,'2022-07-12 22:10:04.726487','2022-07-12 22:10:04.726487',NULL,362841657,1,2,90000,'نقاط بيضاء','TRANSFER',NULL,'CONFIRMED'),(18,'2022-07-12 22:10:49.715634','2022-07-12 22:10:49.715634',NULL,744851293,2,4,500,'نقاط بيضاء','FEES',NULL,'CONFIRMED'),(19,'2022-07-12 22:10:49.719698','2022-07-12 22:10:49.000000',NULL,545963564,2,9,11000,'نقاط بيضاء','TRANSFER',NULL,'CONFIRMED'),(20,'2022-07-12 22:18:04.647002','2022-07-12 22:18:04.647002',NULL,437111777,9,2,30,'نقاط بيضاء','PURCHASE',NULL,'CONFIRMED'),(21,'2022-07-12 22:24:10.340069','2022-07-12 22:24:10.340069',NULL,522907779,9,2,970,'نقاط بيضاء','PURCHASE',NULL,'CONFIRMED'),(22,'2022-07-12 22:29:42.462390','2022-07-12 22:29:42.462390',NULL,127097820,9,4,2.5,'نقاط بيضاء','FEES',NULL,'CONFIRMED'),(23,'2022-07-12 22:29:42.472148','2022-07-12 22:29:42.000000',NULL,453881003,9,3,100,'نقاط بيضاء','GIFT',NULL,'CONFIRMED'),(24,'2022-07-13 19:31:00.073176','2022-07-13 19:31:00.073176',NULL,346986961,2,4,50,'نقاط بيضاء','FEES',NULL,'CONFIRMED'),(25,'2022-07-13 19:31:00.076884','2022-07-13 19:31:00.000000',NULL,669189937,2,10,1100,'نقاط بيضاء','TRANSFER',NULL,'CONFIRMED'),(26,'2022-07-13 19:31:50.083395','2022-07-13 19:31:50.083395',NULL,296709981,2,4,100,'نقاط بيضاء','FEES',NULL,'CONFIRMED'),(27,'2022-07-13 19:31:50.087107','2022-07-13 19:31:50.000000',NULL,578924829,2,3,2200,'نقاط بيضاء','TRANSFER',NULL,'CONFIRMED'),(28,'2022-07-13 19:33:52.830337','2022-07-13 19:33:52.830337',NULL,923075699,3,2,500,'نقاط بيضاء','PURCHASE',NULL,'CONFIRMED'),(29,'2022-07-13 19:56:41.539896','2022-07-13 19:56:41.539896',NULL,553777915,2,4,50,'نقاط بيضاء','FEES',NULL,'CONFIRMED'),(30,'2022-07-13 19:56:41.549068','2022-07-13 19:56:41.000000',NULL,274667592,2,11,1100,'نقاط بيضاء','TRANSFER',NULL,'CONFIRMED'),(31,'2022-07-13 19:57:32.239336','2022-07-13 19:57:32.239336',NULL,733570093,11,2,1000,'نقاط بيضاء','PURCHASE',NULL,'CONFIRMED'),(32,'2022-07-13 22:00:57.169273','2022-07-13 22:00:57.169273',NULL,783946692,1,2,10000,'نقاط بيضاء','TRANSFER',NULL,'CONFIRMED'),(33,'2022-07-14 11:17:32.389800','2022-07-14 11:17:32.389800',NULL,770027750,8,13,150,'نقاط بيضاء','FEES',NULL,'CONFIRMED'),(34,'2022-07-14 11:17:32.393439','2022-07-14 11:17:32.000000',NULL,464661314,8,12,3300,'نقاط بيضاء','TRANSFER',NULL,'CONFIRMED'),(35,'2022-07-14 11:20:53.287730','2022-07-14 11:20:53.287730',NULL,506630889,12,8,1000,'نقاط بيضاء','PURCHASE',NULL,'CONFIRMED'),(36,'2022-07-14 13:07:55.931899','2022-07-14 13:07:55.931899',NULL,921017751,2,4,10,'نقاط بيضاء','FEES',NULL,'CONFIRMED'),(37,'2022-07-14 13:07:55.935363','2022-07-14 13:07:56.000000',NULL,395473431,2,14,1100,'نقاط بيضاء','TRANSFER',NULL,'CONFIRMED'),(38,'2022-07-14 13:11:29.710387','2022-07-14 13:11:29.710387',NULL,566950097,14,2,500,'نقاط بيضاء','PURCHASE',NULL,'CONFIRMED'),(39,'2022-07-14 13:12:47.510852','2022-07-14 13:12:47.510852',NULL,427665901,14,2,600,'نقاط بيضاء','PURCHASE',NULL,'CONFIRMED'),(40,'2022-07-14 13:16:53.434744','2022-07-14 13:16:53.434744',NULL,207023809,12,13,25,'نقاط بيضاء','FEES',NULL,'CONFIRMED'),(41,'2022-07-14 13:16:53.442995','2022-07-14 13:16:53.000000',NULL,437162231,12,15,1000,'نقاط بيضاء','GIFT',NULL,'CONFIRMED'),(42,'2022-07-14 14:49:47.960670','2022-07-14 14:49:47.960670',NULL,442257855,1,16,100000,'نقاط بيضاء','TRANSFER',NULL,'CONFIRMED'),(43,'2022-07-14 14:52:15.006155','2022-07-14 14:52:15.000000',NULL,702149624,13,12,175,'نقاط بيضاء','GIFT',NULL,'CONFIRMED'),(44,'2022-07-14 15:11:16.330523','2022-07-14 15:11:16.330523',NULL,936341125,1,17,200000,'نقاط بيضاء','TRANSFER',NULL,'CONFIRMED'),(45,'2022-07-14 15:16:35.495266','2022-07-14 15:16:35.495266',NULL,447315159,1,18,10000,'نقاط بيضاء','TRANSFER',NULL,'CONFIRMED'),(46,'2022-07-14 15:19:20.910038','2022-07-14 15:19:20.910038',NULL,315752055,1,17,100000,'نقاط بيضاء','TRANSFER',NULL,'CONFIRMED'),(47,'2022-07-14 15:44:35.092452','2022-07-14 15:44:35.092452',NULL,920369719,12,8,1450,'نقاط بيضاء','PURCHASE',NULL,'CONFIRMED'),(48,'2022-07-14 21:57:57.882361','2022-07-14 21:57:57.882361',NULL,498431261,18,4,10,'نقاط بيضاء','FEES',NULL,'CONFIRMED'),(49,'2022-07-14 21:57:57.886398','2022-07-14 21:57:57.000000',NULL,730766025,18,19,130,'نقاط بيضاء','TRANSFER',NULL,'CONFIRMED'),(50,'2022-07-14 22:02:52.554984','2022-07-14 22:02:52.554984',NULL,654921339,3,2,11,'نقاط بيضاء','PURCHASE',NULL,'CONFIRMED'),(51,'2022-07-14 22:02:53.329695','2022-07-14 22:02:53.329695',NULL,359655138,19,18,11,'نقاط بيضاء','PURCHASE',NULL,'CONFIRMED'),(52,'2022-07-15 15:02:51.882062','2022-07-15 15:02:51.882062',NULL,680332238,17,21,10,'نقاط بيضاء','FEES',NULL,'CONFIRMED'),(53,'2022-07-15 15:02:51.887289','2022-07-15 15:02:51.000000',NULL,474710177,17,20,130,'نقاط بيضاء','TRANSFER',NULL,'CONFIRMED'),(54,'2022-07-15 15:17:03.801142','2022-07-15 15:17:03.801142',NULL,520921864,17,21,5140,'نقاط بيضاء','FEES',NULL,'CONFIRMED'),(55,'2022-07-15 15:17:03.805861','2022-07-15 15:17:03.000000',NULL,942314154,17,20,66820,'نقاط بيضاء','TRANSFER',NULL,'CONFIRMED'),(56,'2022-07-15 17:21:35.327753','2022-07-15 17:21:35.000000',NULL,240065589,21,22,5150,'نقاط بيضاء','GIFT',NULL,'CONFIRMED'),(57,'2022-07-15 17:54:00.475769','2022-07-15 17:54:00.475769',NULL,525450480,1,23,10000,'نقاط بيضاء','TRANSFER',NULL,'CONFIRMED'),(58,'2022-07-16 06:52:50.514785','2022-07-16 06:52:50.514785',NULL,908065893,15,8,1000,'نقاط بيضاء','PURCHASE',NULL,'CONFIRMED'),(59,'2022-07-17 04:38:25.953868','2022-07-17 04:38:25.953868',NULL,165476164,1,23,100000000,'نقاط بيضاء','TRANSFER',NULL,'CONFIRMED'),(60,'2022-07-17 05:08:01.117276','2022-07-17 05:08:01.117276',NULL,628846587,23,25,300,'نقاط بيضاء','FEES',NULL,'CONFIRMED'),(61,'2022-07-17 05:08:01.121873','2022-07-17 05:08:01.000000',NULL,721042853,23,24,11000,'نقاط بيضاء','TRANSFER',NULL,'CONFIRMED'),(62,'2022-07-17 05:09:18.253543','2022-07-17 05:09:18.253543',NULL,127396589,1,26,10000000,'نقاط بيضاء','TRANSFER',NULL,'CONFIRMED'),(63,'2022-07-17 05:09:35.254057','2022-07-17 05:09:35.254057',NULL,961876556,1,27,1000000,'نقاط بيضاء','TRANSFER',NULL,'CONFIRMED'),(64,'2022-07-17 05:24:54.215440','2022-07-17 05:24:54.215440',NULL,465309504,26,25,1000,'نقاط بيضاء','FEES',NULL,'CONFIRMED'),(65,'2022-07-17 05:24:54.219482','2022-07-17 05:24:54.000000',NULL,224485960,26,24,11500,'نقاط بيضاء','TRANSFER',NULL,'CONFIRMED'),(66,'2022-07-17 05:29:08.747988','2022-07-17 05:29:08.747988',NULL,637115708,27,25,100,'نقاط بيضاء','FEES',NULL,'CONFIRMED'),(67,'2022-07-17 05:29:08.752206','2022-07-17 05:29:08.000000',NULL,621198895,27,24,1200,'نقاط بيضاء','TRANSFER',NULL,'CONFIRMED'),(68,'2022-07-17 05:34:44.549242','2022-07-17 05:34:44.549242',NULL,682686993,24,23,1500,'نقاط بيضاء','PURCHASE',NULL,'CONFIRMED'),(69,'2022-07-17 05:37:15.513435','2022-07-17 05:37:15.513435',NULL,984885073,24,23,9500,'نقاط بيضاء','PURCHASE',NULL,'CONFIRMED'),(70,'2022-07-17 05:37:15.547506','2022-07-17 05:37:15.547506',NULL,317152859,24,26,11500,'نقاط بيضاء','PURCHASE',NULL,'CONFIRMED'),(71,'2022-07-17 05:37:15.577378','2022-07-17 05:37:15.577378',NULL,751489579,24,27,1000,'نقاط بيضاء','PURCHASE',NULL,'CONFIRMED'),(72,'2022-07-17 15:55:54.784599','2022-07-17 15:55:54.784599',NULL,620338970,27,25,100,'نقاط بيضاء','FEES',NULL,'CONFIRMED'),(73,'2022-07-17 15:55:54.788494','2022-07-17 15:55:54.000000',NULL,261270267,27,28,1200,'نقاط بيضاء','TRANSFER',NULL,'CONFIRMED'),(74,'2022-07-17 15:57:47.055472','2022-07-17 15:57:47.055472',NULL,898389604,28,27,500,'نقاط بيضاء','PURCHASE',NULL,'CONFIRMED'),(75,'2022-07-19 10:36:38.393449','2022-07-19 10:36:38.393449',NULL,244690782,25,23,10,'نقاط بيضاء','PURCHASE',NULL,'CONFIRMED'),(76,'2022-07-19 10:37:11.856128','2022-07-19 10:37:11.856128',NULL,345492992,25,23,10,'نقاط بيضاء','PURCHASE',NULL,'CONFIRMED'),(77,'2022-07-19 13:29:39.047746','2022-07-19 13:29:39.047746',NULL,396022534,1,29,100000,'نقاط بيضاء','TRANSFER',NULL,'CONFIRMED'),(78,'2022-07-19 13:48:55.222774','2022-07-19 13:48:55.222774',NULL,809634803,1,30,20000,'نقاط بيضاء','TRANSFER',NULL,'CONFIRMED'),(79,'2022-07-19 15:04:58.230307','2022-07-19 15:04:58.230307',NULL,822077905,1,29,100,'نقاط بيضاء','TRANSFER',NULL,'CONFIRMED'),(80,'2022-07-19 17:32:09.956383','2022-07-19 17:32:09.956383',NULL,742648439,1,23,10,'نقاط بيضاء','TRANSFER',NULL,'CONFIRMED'),(81,'2022-07-19 20:36:28.000230','2022-07-19 20:36:28.000230',NULL,175669849,27,25,1000,'نقاط بيضاء','FEES',NULL,'CONFIRMED'),(82,'2022-07-19 20:36:28.006460','2022-07-19 20:36:28.000000',NULL,722812186,27,31,12000,'نقاط بيضاء','TRANSFER',NULL,'CONFIRMED'),(83,'2022-07-19 21:27:37.631165','2022-07-19 21:27:37.631165',NULL,877713615,23,25,30,'نقاط بيضاء','FEES',NULL,'CONFIRMED'),(84,'2022-07-19 21:27:37.635761','2022-07-19 21:27:37.000000',NULL,231312797,23,24,1100,'نقاط بيضاء','TRANSFER',NULL,'CONFIRMED'),(85,'2022-07-20 05:57:21.740346','2022-07-20 05:57:21.740346',NULL,502586320,1,32,10000,'نقاط بيضاء','TRANSFER',NULL,'CONFIRMED'),(86,'2022-07-20 06:07:36.066455','2022-07-20 06:07:36.066455',NULL,189709109,32,34,50,'نقاط بيضاء','FEES',NULL,'CONFIRMED'),(87,'2022-07-20 06:07:36.072502','2022-07-20 06:07:36.000000',NULL,498380712,32,33,1100,'نقاط بيضاء','TRANSFER',NULL,'CONFIRMED'),(88,'2022-07-20 06:15:10.940454','2022-07-20 06:15:10.940454',NULL,822872831,33,32,44,'نقاط بيضاء','PURCHASE',NULL,'CONFIRMED'),(89,'2022-07-20 07:25:49.162504','2022-07-20 07:25:49.162504',NULL,233603190,24,23,0.5,'نقاط بيضاء','PURCHASE',NULL,'CONFIRMED'),(90,'2022-07-20 17:45:15.823760','2022-07-20 17:45:15.823760',NULL,443030572,1,35,100000,'نقاط بيضاء','TRANSFER',NULL,'CONFIRMED'),(91,'2022-07-20 17:45:24.213523','2022-07-20 17:45:24.213523',NULL,528382253,1,36,150000,'نقاط بيضاء','TRANSFER',NULL,'CONFIRMED'),(92,'2022-07-20 18:06:52.661400','2022-07-20 18:06:52.661400',NULL,514303124,35,38,0.54,'نقاط بيضاء','FEES',NULL,'CONFIRMED'),(93,'2022-07-20 18:06:52.665764','2022-07-20 18:06:52.000000',NULL,403929525,35,37,11.77,'نقاط بيضاء','TRANSFER',NULL,'CONFIRMED'),(94,'2022-07-20 18:08:57.813364','2022-07-20 18:08:57.000000',NULL,938918094,37,35,1,'نقاط بيضاء','PURCHASE',NULL,'CONFIRMED'),(95,'2022-07-21 12:52:57.601603','2022-07-21 12:52:57.601603',NULL,833706275,1,23,10000,'نقاط بيضاء','TRANSFER',NULL,'CONFIRMED'),(96,'2022-07-21 19:26:14.198792','2022-07-21 19:26:14.198792',NULL,346069687,24,23,1,'نقاط بيضاء','PURCHASE',NULL,'CONFIRMED'),(97,'2022-07-21 21:12:27.909532','2022-07-21 21:12:27.909532',NULL,724429604,24,23,3,'نقاط بيضاء','PURCHASE',NULL,'CONFIRMED'),(98,'2022-07-21 21:14:05.063367','2022-07-21 21:14:05.063367',NULL,968341103,20,17,66950,'نقاط بيضاء','PURCHASE',NULL,'CONFIRMED'),(99,'2022-07-21 22:55:53.547622','2022-07-21 22:55:53.547622',NULL,332408411,1,39,50000000,'نقاط بيضاء','TRANSFER',NULL,'CONFIRMED'),(100,'2022-07-22 19:44:06.679058','2022-07-22 19:44:06.679058',NULL,229801058,27,25,1000,'نقاط بيضاء','FEES',NULL,'CONFIRMED'),(101,'2022-07-22 19:44:06.683495','2022-07-22 19:44:06.000000',NULL,235688112,27,40,12000,'نقاط بيضاء','TRANSFER',NULL,'CONFIRMED'),(102,'2022-07-22 19:45:06.611756','2022-07-22 19:45:06.611756',NULL,287743626,40,27,1000,'نقاط بيضاء','PURCHASE',NULL,'CONFIRMED'),(103,'2022-07-22 19:47:16.753703','2022-07-22 19:47:16.753703',NULL,841501425,40,25,25,'نقاط بيضاء','FEES',NULL,'CONFIRMED'),(104,'2022-07-22 19:47:16.762539','2022-07-22 19:47:16.000000',NULL,324145955,40,24,1000,'نقاط بيضاء','GIFT',NULL,'CONFIRMED'),(105,'2022-07-22 19:51:17.043671','2022-07-22 19:51:17.043671',NULL,330898588,27,25,1000,'نقاط بيضاء','FEES',NULL,'CONFIRMED'),(106,'2022-07-22 19:51:17.049687','2022-07-22 19:51:17.000000',NULL,787345738,27,41,12000,'نقاط بيضاء','TRANSFER',NULL,'CONFIRMED'),(107,'2022-07-22 19:52:43.462602','2022-07-22 19:52:43.462602',NULL,930486851,41,27,3000,'نقاط بيضاء','PURCHASE',NULL,'CONFIRMED'),(108,'2022-07-22 19:54:14.593112','2022-07-22 19:54:14.593112',NULL,536751351,41,25,25,'نقاط بيضاء','FEES',NULL,'CONFIRMED'),(109,'2022-07-22 19:54:14.602048','2022-07-22 19:54:14.000000',NULL,598557829,41,24,1000,'نقاط بيضاء','GIFT',NULL,'CONFIRMED'),(110,'2022-07-22 20:40:03.007160','2022-07-22 20:40:03.007160',NULL,607850804,1,42,10000,'نقاط بيضاء','TRANSFER',NULL,'CONFIRMED'),(111,'2022-07-22 20:41:07.127209','2022-07-22 20:41:07.127209',NULL,166237156,42,44,10,'نقاط بيضاء','FEES',NULL,'CONFIRMED'),(112,'2022-07-22 20:41:07.131478','2022-07-22 20:41:07.000000',NULL,292015281,42,43,1200,'نقاط بيضاء','TRANSFER',NULL,'CONFIRMED'),(113,'2022-07-22 20:43:00.546685','2022-07-22 20:43:00.546685',NULL,776799517,43,42,1000,'نقاط بيضاء','PURCHASE',NULL,'CONFIRMED'),(114,'2022-07-24 11:18:51.570186','2022-07-24 11:18:51.570186',NULL,266520457,43,42,20,'نقاط بيضاء','PURCHASE',NULL,'CONFIRMED'),(115,'2022-07-25 07:06:05.725379','2022-07-25 07:06:05.725379',NULL,773366401,1,45,100000,'نقاط بيضاء','TRANSFER',NULL,'CONFIRMED'),(116,'2022-07-25 07:07:30.365750','2022-07-25 07:07:30.365750',NULL,501375227,1,46,1000000,'نقاط بيضاء','TRANSFER',NULL,'CONFIRMED'),(117,'2022-07-25 07:35:04.066315','2022-07-25 07:35:04.066315',NULL,828627130,24,23,10,'نقاط بيضاء','PURCHASE',NULL,'CONFIRMED'),(118,'2022-07-25 07:37:06.522199','2022-07-25 07:37:06.522199',NULL,236399722,1,47,100000,'نقاط بيضاء','TRANSFER',NULL,'CONFIRMED'),(119,'2022-07-25 15:48:23.140558','2022-07-25 15:48:23.140558',NULL,334783384,1,48,6300,'نقاط بيضاء','TRANSFER',NULL,'CONFIRMED'),(120,'2022-07-25 15:57:01.575757','2022-07-25 15:57:01.575757',NULL,527553397,48,50,50,'نقاط بيضاء','FEES',NULL,'CONFIRMED'),(121,'2022-07-25 15:57:01.583371','2022-07-25 15:57:01.000000',NULL,569260769,48,49,6250,'نقاط بيضاء','TRANSFER',NULL,'CONFIRMED'),(122,'2022-07-25 15:58:28.978589','2022-07-25 15:58:28.978589',NULL,348882235,49,48,5000,'نقاط بيضاء','PURCHASE',NULL,'CONFIRMED'),(123,'2022-07-25 16:00:02.534753','2022-07-25 16:00:02.534753',NULL,849834331,49,48,1250,'نقاط بيضاء','PURCHASE',NULL,'CONFIRMED'),(124,'2022-07-25 16:00:59.939571','2022-07-25 16:00:59.939571',NULL,681379578,50,48,50,'نقاط بيضاء','PURCHASE',NULL,'CONFIRMED'),(125,'2022-07-26 14:01:28.413184','2022-07-26 14:01:28.413184',NULL,688717724,23,25,250,'نقاط بيضاء','FEES',NULL,'CONFIRMED'),(126,'2022-07-26 14:01:28.420534','2022-07-26 14:01:28.000000',NULL,802476463,23,51,1100,'نقاط بيضاء','TRANSFER',NULL,'CONFIRMED'),(127,'2022-07-26 14:04:09.016775','2022-07-26 14:04:09.016775',NULL,960096982,51,23,500,'نقاط بيضاء','PURCHASE',NULL,'CONFIRMED'),(128,'2022-07-26 14:43:58.540331','2022-07-26 14:43:58.540331',NULL,541588734,23,25,2500,'نقاط بيضاء','FEES',NULL,'CONFIRMED'),(129,'2022-07-26 14:43:58.546512','2022-07-26 14:43:58.000000',NULL,393435089,23,52,11000,'نقاط بيضاء','TRANSFER',NULL,'CONFIRMED'),(130,'2022-07-26 14:46:41.383504','2022-07-26 14:46:41.383504',NULL,702978416,52,23,10000,'نقاط بيضاء','PURCHASE',NULL,'CONFIRMED'),(131,'2022-07-26 14:52:46.685741','2022-07-26 14:52:46.685741',NULL,246828126,23,25,250,'نقاط بيضاء','FEES',NULL,'CONFIRMED'),(132,'2022-07-26 14:52:46.692115','2022-07-26 14:52:46.000000',NULL,681094364,23,24,1100,'نقاط بيضاء','TRANSFER',NULL,'CONFIRMED'),(133,'2022-07-26 14:54:11.531365','2022-07-26 14:54:11.531365',NULL,990314891,43,42,180,'نقاط بيضاء','PURCHASE',NULL,'CONFIRMED'),(134,'2022-07-26 15:07:38.955441','2022-07-26 15:07:38.955441',NULL,503878572,44,42,10,'نقاط بيضاء','PURCHASE',NULL,'CONFIRMED'),(135,'2022-07-26 15:08:49.974610','2022-07-26 15:08:49.974610',NULL,962628164,42,44,10,'نقاط بيضاء','FEES',NULL,'CONFIRMED'),(136,'2022-07-26 15:08:49.979858','2022-07-26 15:08:50.000000',NULL,775850545,42,53,1100,'نقاط بيضاء','TRANSFER',NULL,'CONFIRMED'),(137,'2022-07-26 15:11:37.185832','2022-07-26 15:11:37.185832',NULL,786498424,52,23,1000,'نقاط بيضاء','PURCHASE',NULL,'CONFIRMED'),(138,'2022-07-26 15:45:18.831198','2022-07-26 15:45:18.831198',NULL,942131264,42,44,10,'نقاط بيضاء','FEES',NULL,'CONFIRMED'),(139,'2022-07-26 15:45:18.838952','2022-07-26 15:45:18.000000',NULL,420225982,42,54,1100,'نقاط بيضاء','TRANSFER',NULL,'CONFIRMED'),(140,'2022-07-26 15:46:41.008861','2022-07-26 15:46:41.008861',NULL,834270823,42,44,50,'نقاط بيضاء','FEES',NULL,'CONFIRMED'),(141,'2022-07-26 15:46:41.013176','2022-07-26 15:46:41.000000',NULL,797640353,42,55,5500,'نقاط بيضاء','TRANSFER',NULL,'CONFIRMED'),(142,'2022-07-26 15:50:26.885023','2022-07-26 15:50:26.885023',NULL,109040619,55,42,2000,'نقاط بيضاء','PURCHASE',NULL,'CONFIRMED'),(143,'2022-07-26 15:51:45.593057','2022-07-26 15:51:45.593057',NULL,432989802,54,42,1100,'نقاط بيضاء','PURCHASE',NULL,'CONFIRMED'),(144,'2022-07-26 15:53:42.300974','2022-07-26 15:53:42.300974',NULL,384563337,55,44,5,'نقاط بيضاء','FEES',NULL,'CONFIRMED'),(145,'2022-07-26 15:53:42.309224','2022-07-26 15:53:42.000000',NULL,668312508,55,54,500,'نقاط بيضاء','GIFT',NULL,'CONFIRMED'),(146,'2022-07-26 15:55:38.836236','2022-07-26 15:55:38.836236',NULL,350017348,23,25,400,'نقاط بيضاء','FEES',NULL,'CONFIRMED'),(147,'2022-07-26 15:55:38.842218','2022-07-26 15:55:38.000000',NULL,916360982,23,56,1760,'نقاط بيضاء','TRANSFER',NULL,'CONFIRMED'),(148,'2022-07-26 15:56:03.263984','2022-07-26 15:56:03.263984',NULL,712117632,23,25,375,'نقاط بيضاء','FEES',NULL,'CONFIRMED'),(149,'2022-07-26 15:56:03.269338','2022-07-26 15:56:03.000000',NULL,342798839,23,57,1650,'نقاط بيضاء','TRANSFER',NULL,'CONFIRMED'),(150,'2022-07-26 15:57:16.348023','2022-07-26 15:57:16.348023',NULL,556586556,55,42,2995,'نقاط بيضاء','PURCHASE',NULL,'CONFIRMED'),(151,'2022-07-26 15:57:39.816707','2022-07-26 15:57:39.816707',NULL,390218463,57,23,1650,'نقاط بيضاء','PURCHASE',NULL,'CONFIRMED'),(152,'2022-07-26 16:10:04.673855','2022-07-26 16:10:04.673855',NULL,430921918,54,42,500,'نقاط بيضاء','PURCHASE',NULL,'CONFIRMED'),(153,'2022-07-26 16:10:32.820700','2022-07-26 16:10:32.820700',NULL,845274294,56,23,1760,'نقاط بيضاء','PURCHASE',NULL,'CONFIRMED'),(154,'2022-07-26 19:13:27.864660','2022-07-26 19:13:27.864660',NULL,974687957,23,25,250,'نقاط بيضاء','FEES',NULL,'CONFIRMED'),(155,'2022-07-26 19:13:27.871007','2022-07-26 19:13:27.000000',NULL,470179782,23,58,1100,'نقاط بيضاء','TRANSFER',NULL,'CONFIRMED'),(156,'2022-07-26 21:52:58.917516','2022-07-26 21:52:58.917516',NULL,925495269,27,25,400,'نقاط بيضاء','FEES',NULL,'CONFIRMED'),(157,'2022-07-26 21:52:58.922186','2022-07-26 21:52:58.000000',NULL,501462253,27,59,26000,'نقاط بيضاء','TRANSFER',NULL,'CONFIRMED'),(158,'2022-07-26 21:54:48.635698','2022-07-26 21:54:48.635698',NULL,264188669,59,25,100,'نقاط بيضاء','FEES',NULL,'CONFIRMED'),(159,'2022-07-26 21:54:48.644389','2022-07-26 21:54:48.000000',NULL,594958405,59,24,10000,'نقاط بيضاء','GIFT',NULL,'CONFIRMED'),(160,'2022-07-26 21:56:44.983650','2022-07-26 21:56:44.983650',NULL,551592958,59,27,15900,'نقاط بيضاء','PURCHASE',NULL,'CONFIRMED'),(161,'2022-07-26 22:26:32.194191','2022-07-26 22:26:32.194191',NULL,386820539,1,60,12100,'نقاط بيضاء','TRANSFER',NULL,'CONFIRMED'),(162,'2022-07-26 22:29:19.616859','2022-07-26 22:29:19.616859',NULL,711177402,60,62,40,'نقاط بيضاء','FEES',NULL,'CONFIRMED'),(163,'2022-07-26 22:29:19.621792','2022-07-26 22:29:19.000000',NULL,844441768,60,61,4800,'نقاط بيضاء','TRANSFER',NULL,'CONFIRMED'),(164,'2022-07-26 22:30:35.463560','2022-07-26 22:30:35.463560',NULL,549589501,61,60,4000,'نقاط بيضاء','PURCHASE',NULL,'CONFIRMED'),(165,'2022-07-26 22:45:52.640084','2022-07-26 22:45:52.640084',NULL,733066375,61,60,800,'نقاط بيضاء','PURCHASE',NULL,'CONFIRMED'),(166,'2022-07-26 22:46:36.737441','2022-07-26 22:46:36.737441',NULL,821434185,62,60,40,'نقاط بيضاء','PURCHASE',NULL,'CONFIRMED'),(167,'2022-07-28 17:32:23.852686','2022-07-28 17:32:23.852686',NULL,544715985,1,63,10000,'نقاط بيضاء','TRANSFER',NULL,'CONFIRMED'),(168,'2022-07-28 17:36:06.913489','2022-07-28 17:36:06.913489',NULL,481872105,63,65,10,'نقاط بيضاء','FEES',NULL,'CONFIRMED'),(169,'2022-07-28 17:36:06.918315','2022-07-28 17:36:06.000000',NULL,304419486,63,64,1100,'نقاط بيضاء','TRANSFER',NULL,'CONFIRMED'),(170,'2022-07-28 17:40:05.744015','2022-07-28 17:40:05.744015',NULL,317265677,64,63,1100,'نقاط بيضاء','PURCHASE',NULL,'CONFIRMED'),(171,'2022-07-28 17:41:16.770905','2022-07-28 17:41:16.770905',NULL,660948003,65,63,10,'نقاط بيضاء','PURCHASE',NULL,'CONFIRMED'),(172,'2022-07-31 17:23:19.909033','2022-07-31 17:23:19.909033',NULL,945644135,23,25,250,'نقاط بيضاء','FEES',NULL,'CONFIRMED'),(173,'2022-07-31 17:23:19.914855','2022-07-31 17:23:19.000000',NULL,343094562,23,24,1100,'نقاط بيضاء','TRANSFER',NULL,'CONFIRMED'),(174,'2022-07-31 18:53:52.957097','2022-07-31 18:53:52.957097',NULL,709260354,1,66,10000,'نقاط بيضاء','TRANSFER',NULL,'CONFIRMED'),(175,'2022-07-31 18:57:58.658081','2022-07-31 18:57:58.658081',NULL,724213880,66,68,5,'نقاط بيضاء','FEES',NULL,'CONFIRMED'),(176,'2022-07-31 18:57:58.668293','2022-07-31 18:57:58.000000',NULL,751663879,66,67,525,'نقاط بيضاء','TRANSFER',NULL,'CONFIRMED'),(177,'2022-07-31 18:58:11.422558','2022-07-31 18:58:11.422558',NULL,744457055,66,68,10,'نقاط بيضاء','FEES',NULL,'CONFIRMED'),(178,'2022-07-31 18:58:11.426123','2022-07-31 18:58:11.000000',NULL,961763545,66,67,1050,'نقاط بيضاء','TRANSFER',NULL,'CONFIRMED'),(179,'2022-07-31 19:00:21.062614','2022-07-31 19:00:21.062614',NULL,227690273,67,66,1575,'نقاط بيضاء','PURCHASE',NULL,'CONFIRMED'),(180,'2022-07-31 20:08:59.867204','2022-07-31 20:08:59.867204',NULL,887538021,1,69,10000,'نقاط بيضاء','TRANSFER',NULL,'CONFIRMED'),(181,'2022-07-31 20:09:49.926049','2022-07-31 20:09:49.926049',NULL,340093240,68,66,15,'نقاط بيضاء','PURCHASE',NULL,'CONFIRMED'),(182,'2022-07-31 20:10:33.116901','2022-07-31 20:10:33.116901',NULL,161332322,44,42,75,'نقاط بيضاء','PURCHASE',NULL,'CONFIRMED'),(183,'2022-08-01 12:16:06.396738','2022-08-01 12:16:06.396738',NULL,825335448,23,25,250,'نقاط بيضاء','FEES',NULL,'CONFIRMED'),(184,'2022-08-01 12:16:06.402485','2022-08-01 12:16:06.000000',NULL,523103629,23,70,1100,'نقاط بيضاء','TRANSFER',NULL,'CONFIRMED'),(185,'2022-08-01 12:16:58.497009','2022-08-01 12:16:58.497009',NULL,476576945,70,23,1100,'نقاط بيضاء','PURCHASE',NULL,'CONFIRMED'),(186,'2022-08-01 14:40:41.949038','2022-08-01 14:40:41.949038',NULL,899022703,23,25,250,'نقاط بيضاء','FEES',NULL,'CONFIRMED'),(187,'2022-08-01 14:40:41.953531','2022-08-01 14:40:41.000000',NULL,695704410,23,71,1100,'نقاط بيضاء','TRANSFER',NULL,'CONFIRMED'),(188,'2022-08-01 14:42:08.845064','2022-08-01 14:42:08.845064',NULL,613094542,71,23,1100,'نقاط بيضاء','PURCHASE',NULL,'CONFIRMED');
/*!40000 ALTER TABLE `transaction` ENABLE KEYS */;
UNLOCK TABLES;

--
-- Table structure for table `wallet`
--

DROP TABLE IF EXISTS `wallet`;
/*!40101 SET @saved_cs_client     = @@character_set_client */;
/*!50503 SET character_set_client = utf8mb4 */;
CREATE TABLE `wallet` (
  `id` int NOT NULL AUTO_INCREMENT,
  `createdAt` datetime(6) NOT NULL DEFAULT CURRENT_TIMESTAMP(6),
  `updatedAt` datetime(6) NOT NULL DEFAULT CURRENT_TIMESTAMP(6) ON UPDATE CURRENT_TIMESTAMP(6),
  `deletedAt` datetime(6) DEFAULT NULL,
  `walletNumber` int NOT NULL,
  `providerId` int DEFAULT NULL,
  `accountId` int NOT NULL,
  `balance` float NOT NULL DEFAULT '0',
  `pointType` enum('نقاط بيضاء') NOT NULL DEFAULT 'نقاط بيضاء',
  `walletType` enum('PROVIDER','CUSTOMER','SYSTEM','ORIGIN') NOT NULL,
  `totalTrx` int NOT NULL DEFAULT '0',
  `totalConsume` float NOT NULL DEFAULT '0',
  `totalSold` float NOT NULL DEFAULT '0',
  `status` enum('ACTIVE','INACTIVE') NOT NULL DEFAULT 'ACTIVE',
  `bonus` float DEFAULT NULL,
  `fees` float DEFAULT NULL,
  PRIMARY KEY (`id`),
  UNIQUE KEY `IDX_154f4b079f741fb301897739da` (`walletNumber`),
  KEY `FK_5cdc4ebb7b5e5d7b793be8f0508` (`providerId`),
  KEY `FK_276aecaae66a8b798156f70fc4b` (`accountId`),
  CONSTRAINT `FK_276aecaae66a8b798156f70fc4b` FOREIGN KEY (`accountId`) REFERENCES `account` (`id`),
  CONSTRAINT `FK_5cdc4ebb7b5e5d7b793be8f0508` FOREIGN KEY (`providerId`) REFERENCES `provider` (`id`)
) ENGINE=InnoDB AUTO_INCREMENT=72 DEFAULT CHARSET=utf8mb4 COLLATE=utf8mb4_0900_ai_ci;
/*!40101 SET character_set_client = @saved_cs_client */;

--
-- Dumping data for table `wallet`
--

LOCK TABLES `wallet` WRITE;
/*!40000 ALTER TABLE `wallet` DISABLE KEYS */;
INSERT INTO `wallet` VALUES (1,'2022-07-07 12:46:52.603684','2022-07-07 12:46:52.603684',NULL,3467306,NULL,1,0,'نقاط بيضاء','ORIGIN',0,0,0,'ACTIVE',NULL,NULL),(2,'2022-07-07 17:50:54.955315','2022-07-24 20:35:55.850076',NULL,4737805,1,5,95781,'نقاط بيضاء','PROVIDER',7,0,19450,'ACTIVE',10,2),(3,'2022-07-07 17:52:14.646509','2022-07-14 22:02:52.000000',NULL,8782144,1,6,2400,'نقاط بيضاء','CUSTOMER',4,2111,0,'ACTIVE',NULL,NULL),(4,'2022-07-07 17:52:14.694723','2022-07-14 21:57:57.000000',NULL,1689205,1,1,732.5,'نقاط بيضاء','SYSTEM',0,20,0,'ACTIVE',NULL,NULL),(5,'2022-07-07 19:24:04.376151','2022-07-24 20:35:55.850076',NULL,4467383,2,8,99950,'نقاط بيضاء','PROVIDER',1,0,1150,'ACTIVE',10,2),(6,'2022-07-07 19:52:35.612430','2022-07-10 20:16:28.000000',NULL,9135815,2,6,0,'نقاط بيضاء','CUSTOMER',2,1100,0,'ACTIVE',NULL,NULL),(7,'2022-07-07 19:52:35.684803','2022-07-10 20:16:28.000000',NULL,4097183,2,1,0,'نقاط بيضاء','SYSTEM',1,0,0,'ACTIVE',NULL,NULL),(8,'2022-07-12 20:44:50.289626','2022-07-24 22:14:53.000000',NULL,5252332,5,18,100000,'نقاط بيضاء','PROVIDER',1,0,3450,'ACTIVE',10,5),(9,'2022-07-12 22:10:49.650645','2022-07-12 22:29:42.000000',NULL,4050387,1,17,9900,'نقاط بيضاء','CUSTOMER',2,1000,0,'ACTIVE',NULL,NULL),(10,'2022-07-13 19:30:59.994531','2022-07-13 19:31:00.000000',NULL,8878797,1,9,0,'نقاط بيضاء','CUSTOMER',1,0,0,'ACTIVE',NULL,NULL),(11,'2022-07-13 19:56:41.486111','2022-07-13 19:57:32.000000',NULL,5301539,1,28,1100,'نقاط بيضاء','CUSTOMER',1,1000,0,'ACTIVE',NULL,NULL),(12,'2022-07-14 11:17:32.322924','2022-07-14 15:44:35.000000',NULL,1015995,5,6,1450,'نقاط بيضاء','CUSTOMER',3,2450,0,'ACTIVE',NULL,NULL),(13,'2022-07-14 11:17:32.367278','2022-07-14 14:52:15.000000',NULL,1730271,5,1,0,'نقاط بيضاء','SYSTEM',1,0,0,'ACTIVE',NULL,NULL),(14,'2022-07-14 13:07:55.886643','2022-07-14 13:12:47.000000',NULL,1652330,1,31,600,'نقاط بيضاء','CUSTOMER',1,1100,0,'ACTIVE',NULL,NULL),(15,'2022-07-14 13:16:53.376042','2022-07-16 06:52:50.000000',NULL,8004765,5,31,1000,'نقاط بيضاء','CUSTOMER',1,1000,0,'ACTIVE',NULL,NULL),(16,'2022-07-14 14:49:47.946788','2022-07-24 22:14:27.000000',NULL,2179288,5,18,100000,'نقاط بيضاء','PROVIDER',0,0,0,'ACTIVE',20,5),(17,'2022-07-14 15:11:16.314794','2022-07-24 22:11:42.000000',NULL,3662886,7,32,294850,'نقاط بيضاء','PROVIDER',2,0,72100,'ACTIVE',30,10),(18,'2022-07-14 15:16:35.482111','2022-07-24 20:35:55.850076',NULL,1018374,1,5,9871,'نقاط بيضاء','PROVIDER',1,0,140,'ACTIVE',10,2),(19,'2022-07-14 21:57:57.810300','2022-07-14 22:02:53.000000',NULL,4919403,1,34,130,'نقاط بيضاء','CUSTOMER',1,11,0,'ACTIVE',NULL,NULL),(20,'2022-07-15 15:02:51.811707','2022-07-21 21:14:05.000000',NULL,6024591,7,36,66950,'نقاط بيضاء','CUSTOMER',2,66950,0,'ACTIVE',NULL,NULL),(21,'2022-07-15 15:02:51.859809','2022-07-15 17:21:35.000000',NULL,2510517,7,1,0,'نقاط بيضاء','SYSTEM',1,0,0,'ACTIVE',NULL,NULL),(22,'2022-07-15 17:21:35.296581','2022-07-15 17:21:35.000000',NULL,8226710,7,6,0,'نقاط بيضاء','CUSTOMER',1,0,0,'ACTIVE',NULL,NULL),(23,'2022-07-15 17:54:00.462572','2022-08-01 14:42:08.000000',NULL,6854013,8,37,100012000,'نقاط بيضاء','PROVIDER',11,0,38215,'ACTIVE',10,25),(24,'2022-07-17 05:08:01.047522','2022-07-31 17:23:19.000000',NULL,8809349,8,6,14385.5,'نقاط بيضاء','CUSTOMER',9,23514.5,0,'ACTIVE',NULL,NULL),(25,'2022-07-17 05:08:01.085317','2022-08-01 14:40:41.000000',NULL,7582656,8,1,9585,'نقاط بيضاء','SYSTEM',0,20,0,'ACTIVE',NULL,NULL),(26,'2022-07-17 05:09:18.235745','2022-07-24 22:20:38.000000',NULL,5780971,8,37,9999000,'نقاط بيضاء','PROVIDER',1,0,12500,'ACTIVE',20,2),(27,'2022-07-17 05:09:35.239308','2022-07-26 21:56:44.000000',NULL,5357545,8,37,953400,'نقاط بيضاء','PROVIDER',6,0,68000,'ACTIVE',30,2),(28,'2022-07-17 15:55:54.735662','2022-07-17 15:57:47.000000',NULL,9210285,8,35,1200,'نقاط بيضاء','CUSTOMER',1,500,0,'ACTIVE',NULL,NULL),(29,'2022-07-19 13:29:39.012577','2022-07-26 13:51:30.000000',NULL,4672927,3,14,100100,'نقاط بيضاء','PROVIDER',0,0,0,'INACTIVE',13.33,16.5),(30,'2022-07-19 13:48:55.189825','2022-07-24 21:33:14.000000',NULL,3412528,3,14,20000,'نقاط بيضاء','PROVIDER',0,0,0,'ACTIVE',15,2),(31,'2022-07-19 20:36:27.934410','2022-07-19 20:36:28.000000',NULL,5139453,8,41,0,'نقاط بيضاء','CUSTOMER',1,0,0,'ACTIVE',NULL,NULL),(32,'2022-07-20 05:57:21.722323','2022-07-24 22:25:20.000000',NULL,6303436,10,42,8894,'نقاط بيضاء','PROVIDER',1,0,1150,'ACTIVE',20,5),(33,'2022-07-20 06:07:36.000902','2022-07-20 06:15:10.000000',NULL,2955984,10,41,1100,'نقاط بيضاء','CUSTOMER',1,44,0,'ACTIVE',NULL,NULL),(34,'2022-07-20 06:07:36.037683','2022-07-20 06:07:36.000000',NULL,1269050,10,1,0,'نقاط بيضاء','SYSTEM',0,0,0,'ACTIVE',NULL,NULL),(35,'2022-07-20 17:45:15.809243','2022-07-24 20:35:55.850076',NULL,1082421,12,45,99987.7,'نقاط بيضاء','PROVIDER',2,0,12.31,'ACTIVE',10,2),(36,'2022-07-20 17:45:24.198801','2022-07-24 20:35:55.850076',NULL,4226244,12,45,150000,'نقاط بيضاء','PROVIDER',0,0,0,'ACTIVE',10,2),(37,'2022-07-20 18:06:52.597324','2022-07-21 08:39:00.000000',NULL,3481851,12,4,11.77,'نقاط بيضاء','CUSTOMER',2,1,0,'INACTIVE',NULL,NULL),(38,'2022-07-20 18:06:52.632481','2022-07-20 18:06:52.000000',NULL,5908800,12,1,0,'نقاط بيضاء','SYSTEM',0,0,0,'ACTIVE',NULL,NULL),(39,'2022-07-21 22:55:53.530080','2022-07-24 22:26:06.000000',NULL,4956457,11,43,50000000,'نقاط بيضاء','PROVIDER',0,0,0,'ACTIVE',15,5),(40,'2022-07-22 19:44:06.590605','2022-07-22 19:47:16.000000',NULL,1604719,8,50,10000,'نقاط بيضاء','CUSTOMER',2,1000,0,'ACTIVE',NULL,NULL),(41,'2022-07-22 19:51:16.929451','2022-07-22 19:54:14.000000',NULL,3727226,8,51,8000,'نقاط بيضاء','CUSTOMER',2,3000,0,'ACTIVE',NULL,NULL),(42,'2022-07-22 20:40:02.991865','2022-07-31 20:10:33.000000',NULL,2840093,13,52,8900,'نقاط بيضاء','PROVIDER',4,0,8980,'ACTIVE',10,1),(43,'2022-07-22 20:41:06.965586','2022-07-26 14:54:11.000000',NULL,6494358,13,6,180,'نقاط بيضاء','CUSTOMER',1,1200,0,'ACTIVE',NULL,NULL),(44,'2022-07-22 20:41:07.081703','2022-07-31 20:10:33.000000',NULL,8527158,13,1,75,'نقاط بيضاء','SYSTEM',0,85,0,'ACTIVE',NULL,NULL),(45,'2022-07-25 07:06:05.706550','2022-07-25 07:39:53.000000',NULL,3692704,8,37,100000,'نقاط بيضاء','PROVIDER',0,0,0,'ACTIVE',50,3),(46,'2022-07-25 07:07:30.350893','2022-07-25 07:40:14.000000',NULL,4695842,8,37,1000000,'نقاط بيضاء','PROVIDER',0,0,0,'ACTIVE',32,20),(47,'2022-07-25 07:37:06.504876','2022-07-25 07:37:06.504876',NULL,4517235,11,43,100000,'نقاط بيضاء','PROVIDER',0,0,0,'ACTIVE',1.5,2.8),(48,'2022-07-25 15:48:23.120884','2022-07-25 16:00:59.000000',NULL,7608678,14,63,6300,'نقاط بيضاء','PROVIDER',1,0,6300,'ACTIVE',25,1),(49,'2022-07-25 15:57:01.489583','2022-07-25 16:00:02.000000',NULL,2687926,14,6,1250,'نقاط بيضاء','CUSTOMER',1,6250,0,'ACTIVE',NULL,NULL),(50,'2022-07-25 15:57:01.542549','2022-07-25 16:00:59.000000',NULL,3930549,14,1,50,'نقاط بيضاء','SYSTEM',0,50,0,'ACTIVE',NULL,NULL),(51,'2022-07-26 14:01:28.336565','2022-07-26 14:04:09.000000',NULL,5733791,8,66,1100,'نقاط بيضاء','CUSTOMER',1,500,0,'ACTIVE',NULL,NULL),(52,'2022-07-26 14:43:58.376356','2022-07-26 15:11:37.000000',NULL,3238832,8,69,1000,'نقاط بيضاء','CUSTOMER',1,11000,0,'ACTIVE',NULL,NULL),(53,'2022-07-26 15:08:49.914860','2022-07-26 15:08:50.000000',NULL,1559374,13,69,0,'نقاط بيضاء','CUSTOMER',1,0,0,'ACTIVE',NULL,NULL),(54,'2022-07-26 15:45:18.755747','2022-07-26 16:10:04.000000',NULL,5655305,13,72,500,'نقاط بيضاء','CUSTOMER',2,1600,0,'ACTIVE',NULL,NULL),(55,'2022-07-26 15:46:40.918290','2022-07-26 15:57:16.000000',NULL,3504903,13,71,2995,'نقاط بيضاء','CUSTOMER',2,4995,0,'ACTIVE',NULL,NULL),(56,'2022-07-26 15:55:38.759526','2022-07-26 16:10:32.000000',NULL,6293467,8,72,1760,'نقاط بيضاء','CUSTOMER',1,1760,0,'ACTIVE',NULL,NULL),(57,'2022-07-26 15:56:03.159190','2022-07-26 15:57:39.000000',NULL,9685097,8,71,1650,'نقاط بيضاء','CUSTOMER',1,1650,0,'ACTIVE',NULL,NULL),(58,'2022-07-26 19:13:27.793703','2022-07-26 19:13:27.000000',NULL,3751827,8,74,0,'نقاط بيضاء','CUSTOMER',1,0,0,'ACTIVE',NULL,NULL),(59,'2022-07-26 21:52:58.853556','2022-07-26 21:56:44.000000',NULL,1673893,8,75,15900,'نقاط بيضاء','CUSTOMER',2,15900,0,'ACTIVE',NULL,NULL),(60,'2022-07-26 22:26:32.175831','2022-07-26 22:46:36.000000',NULL,5167125,19,79,12100,'نقاط بيضاء','PROVIDER',1,0,4840,'ACTIVE',20,1),(61,'2022-07-26 22:29:19.553753','2022-07-26 22:45:52.000000',NULL,3143996,19,6,800,'نقاط بيضاء','CUSTOMER',1,4800,0,'ACTIVE',NULL,NULL),(62,'2022-07-26 22:29:19.593669','2022-07-26 22:46:36.000000',NULL,5796088,19,1,40,'نقاط بيضاء','SYSTEM',0,40,0,'ACTIVE',NULL,NULL),(63,'2022-07-28 17:32:23.823458','2022-07-28 17:41:16.000000',NULL,7937546,15,73,10000,'نقاط بيضاء','PROVIDER',1,0,1110,'ACTIVE',10,1),(64,'2022-07-28 17:36:06.835369','2022-07-28 17:40:05.000000',NULL,7612183,15,6,1100,'نقاط بيضاء','CUSTOMER',1,1100,0,'ACTIVE',NULL,NULL),(65,'2022-07-28 17:36:06.884515','2022-07-28 17:41:16.000000',NULL,5435768,15,1,10,'نقاط بيضاء','SYSTEM',0,10,0,'ACTIVE',NULL,NULL),(66,'2022-07-31 18:53:52.940769','2022-07-31 20:09:49.000000',NULL,6706186,24,85,10000,'نقاط بيضاء','PROVIDER',2,0,1590,'ACTIVE',5,1),(67,'2022-07-31 18:57:58.595997','2022-07-31 19:00:21.000000',NULL,2309688,24,6,1575,'نقاط بيضاء','CUSTOMER',2,1575,0,'ACTIVE',NULL,NULL),(68,'2022-07-31 18:57:58.635664','2022-07-31 20:09:49.000000',NULL,8444937,24,1,15,'نقاط بيضاء','SYSTEM',0,15,0,'ACTIVE',NULL,NULL),(69,'2022-07-31 20:08:59.853008','2022-07-31 20:08:59.853008',NULL,3331001,24,85,10000,'نقاط بيضاء','PROVIDER',0,0,0,'ACTIVE',10,1),(70,'2022-08-01 12:16:06.331608','2022-08-01 12:16:58.000000',NULL,1100990,8,89,1100,'نقاط بيضاء','CUSTOMER',1,1100,0,'ACTIVE',NULL,NULL),(71,'2022-08-01 14:40:41.901386','2022-08-01 14:42:08.000000',NULL,7537723,8,90,1100,'نقاط بيضاء','CUSTOMER',1,1100,0,'ACTIVE',NULL,NULL);
/*!40000 ALTER TABLE `wallet` ENABLE KEYS */;
UNLOCK TABLES;
/*!40103 SET TIME_ZONE=@OLD_TIME_ZONE */;

/*!40101 SET SQL_MODE=@OLD_SQL_MODE */;
/*!40014 SET FOREIGN_KEY_CHECKS=@OLD_FOREIGN_KEY_CHECKS */;
/*!40014 SET UNIQUE_CHECKS=@OLD_UNIQUE_CHECKS */;
/*!40101 SET CHARACTER_SET_CLIENT=@OLD_CHARACTER_SET_CLIENT */;
/*!40101 SET CHARACTER_SET_RESULTS=@OLD_CHARACTER_SET_RESULTS */;
/*!40101 SET COLLATION_CONNECTION=@OLD_COLLATION_CONNECTION */;
/*!40111 SET SQL_NOTES=@OLD_SQL_NOTES */;

-- Dump completed on 2022-08-01 15:08:49
